Product Name,Brand,Category,SKU,Price(USD),Product URL,Image URL,Detail,How to Use,Tags,Handle
Arocell Super Collagen Mask (2 sheets) Hydrogel Mask with 1.5oz of Collagen Ampule,Arocell,Skin Care Masks & Peels,ARC15,12.56,https://ivyusa.com/products/super-collagen-mask-2-sheets-hydrogel-mask-with-1-5oz-of-collagen-ampule,https://cdn.shopify.com/s/files/1/0605/4392/6331/files/ARC01_AROCELL_SUPER_COLLAGEN_MASK_4EA_0-12___thumb_1.jpg?v=1766510536,"The Arocell Super Collagen Mask solidifies a 1.5 oz ampoule to provide collagen- boosting effects. As a high-capacity collagen mask, it still adheres well and is easy to apply. It peels off smoothly, leaving your skin radiant and free from irritation.
 With 1.5 oz of collagen ampoule, it offers the maximum capacity.
• Powerful anti-aging with 3 collagens, retinol, and 5 peptides.
• It is a hydrogel mask formed by solidifying collagen ampoule.
• Boosts collagen production by 177% after a single use.
 Why should you check the amount of ounces included in the mask?
1. Collagen masks are formulated solely with ampoules and no supporting sheet, so a higher ampoule content provides greater skin benefits.
2. Higher capacity helps the mask peel off more gently. Masks with lower capacity may cause redness or irritation when removed
 Show More 
<div class=""","Apply the lower part around the mouth, and the upper part around the eyes.
 For better adhesion, apply the lower part first. After 3 hours, once the mask turned transparent, gently remove it sideways.
 Show More 
<div class=""","Anti-Aging & Firming, K-Beauty Bestsellers, K-Beauty Collagen, K-BEAUTY SKINCARE, Mask Sheet, Trending Now",super-collagen-mask-2-sheets-hydrogel-mask-with-1-5oz-of-collagen-ampule
LUNA Long Lasting Tip Concealer Cover-Fit (High Coverage & Semi-Matte),LUNA,Foundations & Concealers,LUA01,11.99,https://ivyusa.com/products/long-lasting-tip-concealer-cover-fit-high-coverage-semi-matte,https://cdn.shopify.com/s/files/1/0605/4392/6331/files/LUA01_main.jpg?v=1770933873,"Experience the K-Beauty cult favorite that delivers flawless coverage with a single touch. The LUNA Long Lasting Tip Concealer is designed to cover dark circles, blemishes, and redness with a lightweight, creamy formula that lasts all day without caking or creasing Whether you have oily, dry, or mature skin, this concealer provides a high-adherence, semi-matte finish that looks just like your own skin.
 • Full Coverage & High Adherence: Effectively covers blemishes, dark circles, and imperfections with a thin, film-like layer that adheres seamlessly to the skin.
 • Long-Lasting Formula: A smudge-proof formula that stays put all day, maintaining a fresh look without darkening.
 • Semi-Matte Finish: Provides a natural, skin-like finish that isn't too dewy or too dry—perfect for all skin types.
 • Build-able Texture: The creamy formula blends easily, allowing you to layer for more coverage without looking thick or cakey.
 • Non-Creasing: Real customer reviews confirm it works great on mature skin and does not settle into fine lines or wrinkles.
 #0.5 Porcelain: Fair / Shade 17-19 (Neutral pink base for brightest skin)
 #0.7 Ivory: Fair to Light / Shade 20 (Clean ivory for bright skin)
 #01 Vanilla: Light / Shade 21 (Yellow base for standard light skin)
 #1.5 Petal: Light Pink / Shade 21 (Pink base for cool undertones)
 #02 Beige: Light to Medium / Shade 22 (Neutral beige for natural coverage)
 #03 Bright: Pink Light / Shade 22(Brightening pink-beige for dark circles/tone-up)
 #04 Sand: Warm Light Beige / Shade 23 Light Beige (Warm beige for healthy, natural skin)
 Show More 
<div class=""","💡 How to Use (Tips & Hacks)
For Oily Skin (Higher Coverage)
• Apply concealer to the target area using the tip.
• Use a flat makeup brush with a rounded end.
• Gently blend the edges for a seamless, long-lasting matte finish.
For Dry Skin (Moist Glow)
• Apply concealer to the target area using the tip.
• Prepare a soft, damp beauty sponge.
• Tap gently to blend the edges for a hydrated, non-flaky finish.
 Show More 
<div class=""","Back To School Sale, BESTSELLER, CLD Event Shop, Face, Featured, Foundation, Foundations & Concealers, K-BEAUTY, K-Beauty Bestsellers, K-Beauty Makeup, K-BEAUTY SKINCARE, Makeup Main, Members Only, New Arrivals, NYFW25, Summer Pop Up in LA, Summer Savings, Trending Now, Weightless Summer Makeup",long-lasting-tip-concealer-cover-fit-high-coverage-semi-matte
"LUNA Long Lasting Color Corrector For Redness, Dark Circles & Dullness",LUNA,Color Correctors,LUA08,10.99,https://ivyusa.com/products/long-lasting-color-corrector-for-redness-dark-circles-dullness,https://cdn.shopify.com/s/files/1/0605/4392/6331/files/LUA08_main.jpg?v=1770945976,"Achieve a perfectly balanced skin tone with LUNA Long Lasting Color Corrector. This lightweight liquid formula neutralizes redness, yellowness, and dark circles while locking in moisture. Designed for all skin types, it creates a clean canvas for your makeup without feeling heavy or cakey.
 • 3-Layer Moisture Lock System: Unlike other drying correctors, this formula contains Panthenol and Melting Wax to keep skin hydrated and prevent cracking.
 • Lightweight & Breathable: A smooth liquid formula that adheres thinly to the skin, blurring imperfections naturally.
 • Bigger Size, Better Value: Generous 6.5g (0.22oz) size allows for longer use compared to standard correctors.
 • High Adherence: Formulated with Moisture Film Powder for a smooth finish that stays put all day.
 • • #01 Mint Green: Neutralizes Redness - Best for: Covering red spots, rosacea, acne marks, and flushed skin.
 • #02 Pure Lavender: Brightens Dullness - Best for: Counteracting yellowness and brightening dull, sallow skin tones.
 • #03 Salmon Beige: Covers Dark Circles - Best for: Canceling out blue/purple dark circles and correcting dark spots.
 Show More 
<div class=""","💡 How to Use 
• Correct: Apply the corrector to areas of concern (Mint for redness, Lavender for yellow zones, Salmon for dark circles).
• Blend: Gently tap with your finger or a sponge to blend the edges.
• Conceal: Layer your foundation or LUNA Tip Concealer over the corrected area for a flawless finish.
 Show More 
<div class=""","Back To School Sale, BESTSELLER, CLD Event Shop, Concealer, Face, Featured, Foundation, Foundations & Concealers, K-BEAUTY, K-Beauty Bestsellers, K-Beauty Makeup, K-BEAUTY SKINCARE, Makeup Main, Members Only, New Arrivals, NYFW25, Summer Pop Up in LA, Summer Savings, Trending Now, Weightless Summer Makeup",long-lasting-color-corrector-for-redness-dark-circles-dullness
KISS NEW YORK K-Beauty Radiant Glow Vita Capsule Cream (55g) - Custom Brightening & Plumping,Kiss New York,Skincare,KVB06,16.99,https://ivyusa.com/products/kiss-new-york-k-beauty-radiant-glow-vita-capsule-cream-55g,https://cdn.shopify.com/s/files/1/0605/4392/6331/files/kissnewyok-kvb06-radiant-glow-vita-capsule-cream-main.jpg?v=1777427888,"Why settle for a one-size-fits-all moisturizer when your skin’s needs change daily? The Radiant Glow Vita Capsule Cream features an innovative dual-action formula: a deep-plumping clear gel infused with glow-boosting yellow capsules. Packed with high-dose Vitamin C, Niacinamide, Glutathione, and Salmon PDRN, these soft liposome capsules melt like butter into the gel, delivering fresh, potent actives deep into your skin with zero stickiness. Clinically proven to visibly reduce dark spots and rapidly repair your barrier, this is your ultimate customizable shortcut to a brighter, plumper, and flawless glass skin complexion.
 Why Your Skin Needs It:
 • Clinically Proven Results: Backed by a 4-week clinical study, this powerful cream delivers a 10.2% reduction in dark spot areas and up to a 115.9% improvement in skin barrier recovery. Visibly more even-toned skin and smoother texture, guaranteed.
 • Dual-Action Formula: Yellow Capsules (Glow Boost): Formulated with High-Dose Niacinamide, Vitamin C, and Glutathione to aggressively target dullness and hyperpigmentation. Clear Gel (Deep Plumping): Infused with PDRN (Sodium DNA), 4-Peptides, 7-Hyaluronic Acid, and Vegan Collagen to deeply hydrate and firm.
 • Melts Like Butter, Zero Stickiness: Our advanced soft liposome capsules burst effortlessly as you massage them in, absorbing deeply without leaving any heavy or greasy residue behind.
 • 100% Customizable Skincare: Scoop and mix the clear gel and yellow capsules to create the perfect ratio tailored to your daily skin needs!
 Show More 
<div class=""","Use the included spatula to scoop the desired amount of gel and capsules onto the back of your hand or directly onto your face. Mix them gently until the capsules melt, then massage into the skin.
• 🌟 Daily Care (Balance & Glow): 1 Gel + 1 Capsule
• 🎯 Dark Spot Concerns (Intense Brightening): 1 Gel + 2 Capsules
• 💧 Dry Skin (Deep Hydration & Plumping): 2 Gels + 1 Capsule
 Show More","Brightening, Glow & Brightening, K-Beauty Bestsellers, Kiss New York, Kiss New York Moisturizer, KNY K-Beauty Series, Mask & Cleanser, Pores & Oil Control, Skincare, Sweatproof Summer Picks",kiss-new-york-k-beauty-radiant-glow-vita-capsule-cream-55g
"3WB Luxury Foot Cream – Intensive Urea & Propolis Repair for Cracked Heels, Dry Calluses, and Peeling Skin",3WB,,CWB01,6.99,https://ivyusa.com/products/foot-cream-intensive-urea-propolis-repair-for-cracked-heels-dry-calluses-and-peeling-skin,https://cdn.shopify.com/s/files/1/0605/4392/6331/files/Gemini_Generated_Image_fhvpvtfhvpvtfhvp.png?v=1767969617,"Are you dealing with embarrassing, rough feet that just won't heal? Dry, peeling skin and cracked heels can be more than just cosmetic issues—they can be a sign that your feet need serious hygiene care. Introducing Luxury Gounbal Foot Cream, the pharmacy-trusted solution for extreme dryness and rough skin texture.
 • Defense for Problematic Feet: Keep your feet hygienic and healthy. This daily moisturizer strengthens the skin barrier to prevent the rough, peeling texture often associated with athlete's foot and fungal issues.
 • Natural Propolis & Royal Jelly: Soothe irritation with natural antibacterial properties. Premium Propolis and Royal Jelly calm sensitive skin and create a protective shield against external contaminants.
 • High-Potency Urea Formula: Dissolve thick calluses without harsh scrubbing. Our Urea formula gently melts away hard dead skin cells, turning rock-hard heels into soft, smooth skin.
 • 6-in-1 Complex for Skin Health: Experience deep nutrition beyond standard lotions. A blend of Portulaca (Omega-3), Rice, and Acerola extracts revitalizes dry, flaky skin for a healthier texture.
 • Pharmacy-Grade Quality: Trusted by Korean pharmacies for over 10 years. This safe, non-sticky formula absorbs quickly to repair damage, making it perfect for the whole family.
 Show More 
<div class=""","For Dry & Cracking Feet:
• Wash feet thoroughly with warm water and soap.
• Dry completely (Moisture between toes can worsen foot issues).
• Apply a generous amount of cream, massaging it into heels and rough areas.
• Tip: Use consistently after treating any foot conditions to restore the skin's natural barrier.
 Show More 
<div class=""","Body Care, Face & Body Care, Face & Body Care Main, Foot, K-BEAUTY, K-Beauty Bestsellers, K-BEAUTY SKINCARE, New Arrivals, Pedicure Essentials, Sweatproof Summer Picks, Wellness",foot-cream-intensive-urea-propolis-repair-for-cracked-heels-dry-calluses-and-peeling-skin
Arocell Super Collagen Face Mask (4 sheets) Hydrogel Mask with 1.5oz of Collagen Ampule,Arocell,Skin Care Masks & Peels,ARC01,19.99,https://ivyusa.com/products/super-collagen-mask-4-sheets-hydrogel-mask-with-1-5oz-of-collagen-ampule,https://cdn.shopify.com/s/files/1/0605/4392/6331/files/ARC01_AROCELL_SUPER_COLLAGEN_MASK_4EA_0-12___thumb_1.jpg?v=1766510536,"Arocell Super Collagen Mask: 1.5 oz High-Capacity Anti-Aging Hydrogel
 The Arocell Super Collagen Mask is a professional-grade, high-capacity hydrogel treatment designed to deliver intense anti-aging results. Unlike traditional sheets, this mask is created by solidifying a full 1.5 oz (42g) collagen ampoule into a single, wearable layer, ensuring maximum nutrient absorption without irritation.
 Key Benefits & Clinical Results
 • 177% Collagen Boost: Clinically proven to increase skin's collagen production by 177% after just one application.
 • Deep Ingredient Delivery: Formulated with a potent blend of 3 types of collagen, retinol, and 5 restorative peptides to target fine lines and loss of elasticity.
 • Maximum Capacity: Contains 1.5 oz of active ampoule—the highest capacity available for deep, long-lasting hydration.
 • Perfect Adhesion: The advanced hydrogel technology ensures the mask clings firmly to facial contours, making it easy to apply and comfortable to wear.
 • Radiant, Irritation-Free Finish: Peels off smoothly to reveal a glowing, plumped complexion without the mess or redness of standard masks.
 How to Use for Best Results
 For maximum efficacy, leave the mask on for up to 4 hours. This extended wear time allows the solidified ampoule to gradually melt into the skin, providing a deep-tissue collagen treatment that lasts.
 Show More 
<div class=""","Apply the lower part around the mouth, and the upper part around the eyes.
 For better adhesion, apply the lower part first. After 3 hours, once the mask turned transparent, gently remove it sideways.
 Show More 
<div class=""","Anti-Aging & Firming, BESTSELLER, Bestsellers, K-Beauty Bestsellers, K-Beauty Collagen, K-BEAUTY SKINCARE, Mask Sheet, Sweatproof Summer Picks, Trending Now, vday",super-collagen-mask-4-sheets-hydrogel-mask-with-1-5oz-of-collagen-ampule
KISS NEW YORK Radiant Glow Kojic Acid Overnight Wrapping Mask - Brightening & Revitalizing Peel-Off Sleep Mask with Turmeric (Includes Brush),Kiss New York,Skin Care Masks & Peels,KWR02,15.99,https://ivyusa.com/products/kiss-new-york-radiant-glow-kojic-acid-overnight-wrapping-mask,https://cdn.shopify.com/s/files/1/0605/4392/6331/files/kissnewyork-KWR02-overnight-wrapping-mask-main.jpg?v=1780325023,"A radiance-boosting overnight wrapping mask designed to lock in active nutrients and revitalize dull, tired skin while you sleep. Powered by a potent blend of Kojic Acid and Turmeric Root Extract to visibly even out skin tone, soothe redness, and target hyperpigmentation. Dries into a lightweight, transfer-proof layer that easily peels off in the morning, leaving your complexion deeply hydrated, clear, and luminous.
 • Glow & Boost: Visibly evens skin tone and revitalizes dullness so you wake up to a brighter, healthier-looking, and luminous complexion.
 • Targeted Dark Spot Care: Formulated with Kojic Acid to target hyperpigmentation, sun damage, and uneven skin tone for clear, radiant skin.
 • Antioxidant & Soothing Power: Enriched with antioxidant-rich Turmeric Root Extract to revitalize, and Moringa Seed Oil to gently nourish and soothe redness or sensitivity.
 • Breathable Moisture Lock: Forms a light, comfortable wrapping layer that seals in your final skincare steps to help active ingredients absorb deeply without transferring onto your pillow.
 • Hygienic Application: Includes a dedicated silicone brush for a smooth, even, and mess-free application every time.
 Show More 
<div class=""","Prep: Apply your usual skincare routine (toner, serum, and cream) generously to your skin.
Apply: Spread an even layer over the entire face using the included brush, avoiding the eye and lip areas.
Set: Let it dry for about 15 minutes until a thin film forms, then leave it on overnight. Sleep comfortably without worrying about pillow transfer.
Glow: The next morning, gently peel off the wrapping layer starting from the edges, or rinse thoroughly with lukewarm water.
 Show More 
<div class=""","Brightening, Dryness & Dehydration, Glow & Brightening, K-Beauty Bestsellers, Kiss New York Face Mask, KNY K-Beauty Series, Mask & Cleanser, Sweatproof Summer Picks, Trending Now",kiss-new-york-radiant-glow-kojic-acid-overnight-wrapping-mask
KISS NEW YORK Elastic Lift Collagen Overnight Wrapping Mask - Pore Firming & Plumping Peel-Off Sleep Mask with Niacinamide (Includes Brush),Kiss New York,Skin Care Masks & Peels,KWR01,15.99,https://ivyusa.com/products/kiss-new-york-elastic-lift-collagen-overnight-wrapping-mask,https://cdn.shopify.com/s/files/1/0605/4392/6331/files/kissnewyork-KWR01-overnight-wrapping-mask-main.jpg?v=1780324799,"An innovative overnight wrapping mask that seals in your skincare to deliver intense elasticity and deep hydration while you sleep. Formulated with Collagen, Niacinamide, and Adenosine to visibly plump the skin, refine enlarged pores, and restore a bouncy complexion. Features a breathable, transfer-proof film that peels off easily the next morning, revealing a radiant, firm, and healthy-looking glow.
 • Firming & Plumping: Visibly smooths and helps firm the look of skin, delivering overnight elasticity for a bouncy, youthful complexion.
 • Pore Refining Care: Targets enlarged pores and sun damage, helping to lift and tighten the look of loose pores while you sleep.
 • Powerful Ingredient Synergy: Deeply hydrates with Collagen, visibly brightens skin tone with Niacinamide, and smooths the appearance of fine lines with Adenosine.
 • Breathable Moisture Lock: Forms a light, comfortable wrapping layer that seals in your final skincare steps to help active ingredients absorb deeply without transferring onto your pillow.
 • Hygienic Application: Includes a dedicated silicone brush for a smooth, even, and mess-free application every time.
 Show More 
<div class=""","Prep: Apply your usual skincare routine (toner, serum, and cream) generously to your skin.
Apply: Spread an even layer over the entire face using the included brush, avoiding the eye and lip areas.
Set: Let it dry for about 15 minutes until a thin film forms, then leave it on overnight. Sleep comfortably without worrying about pillow transfer.
Glow: The next morning, gently peel off the wrapping layer starting from the edges, or rinse thoroughly with lukewarm water.
 Show More 
<div class=""","Anti-Aging & Firming, Collagen, Dryness & Dehydration, K-Beauty Bestsellers, Kiss New York Face Mask, KNY K-Beauty Series, Mask & Cleanser, Sweatproof Summer Picks, Trending Now",kiss-new-york-elastic-lift-collagen-overnight-wrapping-mask
"LAGOM Cellup Micro Foam Cleanser - Hydrating Deep Pore Cleansing with Micro Bubbles, Removes 99.39% of Fine Dust, Aqualicia Peptide Formula (120ml / 4.05 fl.oz)",LAGOM,,LAG02,14.99,https://ivyusa.com/products/lagom-cellup-micro-foam-cleanser,https://cdn.shopify.com/s/files/1/0605/4392/6331/files/lagom-lag02-cellup-micro-foam-cleanser-main.webp?v=1774897119,"Refresh your skin with LAGOM Cellup Micro Foam Cleanser, the No.1 hydrating cleanser in Korea. Clinically proven to remove 99% of fine dust while providing a 67% moisture boost. Features Aqualicia for 24-hour hydration. Gentle on sensitive skin.
 • No.1 rank Korean hydrating foam cleansing Verified by top beauty rankings in Korea. This high-density micro foam cleanser is a cult favorite for its unique balance of professional-grade cleansing and immediate hydration. Experience the professional standard of K-beauty in your daily routine.
 • Clinically proven 99.39% fine dust removal Go beyond surface clean. It is clinically proven to remove 99.39% of ultrafine dust, which is 20 times smaller than your pores. This powerful anti-dust formula ensures every trace of pollution, sunscreen, and daily grime is washed away after just one use.
 • Instant 67% moisture boost, 24-hour retention Cleansing shouldn't mean stripping. Formulated with our patented Aqualicia (derived from Acacia Peptides), this cleanser is proven to increase skin moisture levels by 67.57% immediately after use. It activates your skin's inner moisture path to keep your face feeling hydrated for a full 24 hours.
 • Triple cleansing effect for pores and sunscreen Simplify your evening routine. This multi-tasking cleanser provides a clinically verified triple cleansing effect, effectively removing dead skin cells, pore impurities (by 98%), and waterproof sunscreen in one single step.
 • Gentle, safe, and wildly satisfying Dermatologist-tested to ensure it's non-irritating, making it safe for daily use on all skin types, including sensitive skin. The satisfyingly rich, bouncy micro-bubbles provide a luxurious cleansing experience without stings or redness.
 Show More 
<div class=""","Activate: Take an appropriate amount and whip up with water until a rich, dense micro-foam is formed.
Massage: Gently massage the luxurious foam onto your entire face in a circular motion.
Rinse: Rinse thoroughly with lukewarm water.
 Show More","Face & Body Care, Face & Body Care Main, K-BEAUTY, K-Beauty Bestsellers, K-BEAUTY SKINCARE",lagom-cellup-micro-foam-cleanser
"LAGOM Cellup Gel-to-Water Cleanser - Hydrating Morning Cleanser with 85% Skincare Ingredients, Mildly Acidic pH for Sensitive Skin (170ml / 5.74 fl.oz)",LAGOM,,LAG01,14.99,https://ivyusa.com/products/lagom-cellup-gel-to-water-cleanser-hydrating-morning-cleanser,https://cdn.shopify.com/s/files/1/0605/4392/6331/files/LAGOM-LAG01-LAGOM-CELLUP-GEL-TO-WATER-CLEANSER-main.webp?v=1774888119,"Refresh your skin with LAGOM Cellup Gel-to-Water Cleanser. A low-irritation morning cleanser that replenishes 94% moisture while clearing 99% of impurities. Formulated with 85% skincare ingredients and Acacia Peptides for a dewy, healthy glow.
 • The no.1 morning cleanser Specifically designed for your morning routine. This unique gel-to-water formula transforms upon contact to wash away night-time oils and impurities without stripping your skin’s natural moisture.
 • 85% skincare ingredients More than just a cleanser. Formulated with 85% skincare-based ingredients, it replenishes your skin’s moisture levels by 94.06% immediately after use, leaving your face feeling dewy, not tight.
 • Clinically proven 99% purity Don’t let the gentle texture fool you. It is clinically proven to remove 99.01% of pore-clogging impurities that plain water can't wash away, ensuring a clean canvas for your daily skincare and makeup.
 • Aqualicia: The hydration secret Powered by Aqualicia, a patented ingredient derived from Acacia Peptides (the African ""tree of life""). It activates your skin's moisture path to maintain deep hydration even in the harshest environments.
 • Zero irritation for sensitive skin With a skin irritation index of 0.00, this mildly acidic (pH balanced) cleanser is perfect for all skin types. Hypoallergenic and dermatologist-tested to ensure a safe, soothing experience every morning.
 Show More",,"Face & Body Care, Face & Body Care Main, K-BEAUTY, K-Beauty Bestsellers, K-BEAUTY SKINCARE",lagom-cellup-gel-to-water-cleanser-hydrating-morning-cleanser
"Arocell Super Collagen Wrapping Mask 24HR Hydrating, Firming & Elasticity Boosting Exfoliating",Arocell,Skin Care Masks & Peels,ARC02,17.99,https://ivyusa.com/products/super-collagen-wrapping-mask-cream-to-pack-hydrating-firming-elasticity-boosting-exfoliating,https://cdn.shopify.com/s/files/1/0605/4392/6331/files/ARC02thumb_1_ArocellSuperCollagenWrappingMask.jpg?v=1764782427,"AROCELL Super Collagen Wrapping Mask forms a unique peel-off film that locks in hydration while gently tightening the skin. Packed with collagen and nourishing extracts, this wrapping mask provides 24-hour moisture retention while helping refine texture.
 Show More 
<div class=""","1. After your regular skin care routine, apply an amount of the size of a coin to the forehead, both cheeks and chin. 2. Leave for 20-30 minutes until it becomes transparent. 3. Gently peel it off starting from the edges. *No additional cleansing is required after removal. 
 Show More","Anti-Aging & Firming, Dryness & Dehydration, K-Beauty Bestsellers, K-Beauty Collagen, K-BEAUTY SKINCARE, Trending Now",super-collagen-wrapping-mask-cream-to-pack-hydrating-firming-elasticity-boosting-exfoliating
Arocell Wrinkle Solution Eye Cream with Galvanic Applicator – Korean Firming & Brightening Eye Treatment (15ml),Arocell,K-BEAUTY SKINCARE,ARC10,39.99,https://ivyusa.com/products/wrinkle-solution-eye-cream-with-galvanic-applicator,https://cdn.shopify.com/s/files/1/0605/4392/6331/files/ARC10_main_001.png?v=1765470411,"Arocell’s smart galvanic eye cream delivers 12,000 micro-vibrations per minute to visibly firm, brighten, and hydrate delicate under-eye skin. A cooling metal applicator boosts absorption while patented peptides and 5-layer ceramides smooth fine lines and restore a radiant, healthy look.
 • Smart Firming Technology:
Built-in galvanic microcurrent and 12,000 sonic vibrations per minute help active ingredients absorb deeper for enhanced lifting results.
 • Patented Peptide Complex:
A blend of botulinum-derived peptide and plant peptide helps soften fine lines and support firmer-looking, smoother skin.
 • Cooling Metal Applicator:
The ergonomic tip activates on touch, delivering instant cooling and gentle micro-vibration to refresh and soothe the under-eye area.
 • Deep Moisture Barrier Care:
Formulated with a 5-Layer Ceramide Complex (EOP, NS, NP, AS, AP) to strengthen the skin barrier and maintain long-lasting hydration.
 • Smooth, Whipped Cream Texture:
Soft, luxurious cream glides effortlessly and leaves a radiant, nourished finish without heaviness or greasiness.
 • Safe & Easy to Use:
KC Safety-certified. The applicator automatically turns on upon skin contact—no buttons or complicated steps.
 Show More 
<div class=""","• Apply: Squeeze a small amount of eye cream and dot it around the under-eye and outer corner areas.
• Activate & Massage: Place the metal applicator on the skin—micro vibrations will automatically activate. Gently glide back and forth to help the cream absorb deeply.
• Finish: Lightly tap or smooth with the applicator or fingertips until fully absorbed.
 Show More 
<div class=""","Anti-Aging & Firming, Arocell, Bridal Party Gifts, Early Holiday Gift Pick, Featured / New, K-Beauty Bestsellers, K-BEAUTY SKINCARE, Over $29.98, Skincare, Trending Now, vday",wrinkle-solution-eye-cream-with-galvanic-applicator
EARTHNIQ Collagen Peptide Face Mist – Hydrating & Firming Korean Skincare Spray,EARTHNIQ,Anti-Aging Skin Care,EAR06,9.99,https://ivyusa.com/products/collagen-peptide-face-mist-hydrating-firming-korean-skincare-spray,https://cdn.shopify.com/s/files/1/0605/4392/6331/files/EAR05_main.png?v=1762446423,"Hydrating collagen peptide mist infused with vegan glutathione and 6 blooming flower extracts. Boosts elasticity, hydration, and glow for visibly firmer, dewy, youthful-looking skin.
 • Instant Radiance Boost: A fine facial mist that refreshes and hydrates instantly, leaving a dewy, luminous finish.
 • Collagen + Peptide Synergy: Powered by vegan collagen and Acetyl Hexapeptide-8 to visibly lift, firm, and smooth the skin.
 • Blooming Flower Complex: Contains Borage, Chamomile, Cornflower, Lavender, Hyacinth, and Clary Sage to soothe, calm, and condition the skin barrier.
 • Hydration & Skin Elasticity Support: Clinically proven to improve skin density, elasticity, and moisture — especially when used with EARTHNIQ Collagen Film.
 • Anytime Glow Mist: Lightweight, micro-fine spray absorbs quickly without residue, perfect as toner, setting mist, or daily hydration booster.
 Show More 
<div class=""","1️⃣ Prep & Tone
After cleansing, hold the bottle about 8–10 inches (20–25 cm) away and spray evenly across your face.
Use as a hydrating toner to balance and prep your skin before applying serum or cream.
2️⃣ Set & Refresh
Reapply throughout the day to refresh makeup, hydrate tired skin, or restore glow whenever your skin feels dry.
3️⃣ Synergy Boost
For maximum lifting and brightening results, use together with EARTHNIQ Collagen Lifting Mask Film or EARTHNIQ Glutathione Brightening Mask Film.
The mist helps activate film absorption and enhance elasticity, hydration, and overall radiance.
💧 Pro Tip:
Lightly mist over the skin after applying the film to help it melt and absorb faster, revealing firmer, glowing skin in seconds.
 Show More 
<div class=""","Dryness & Dehydration, Early Holiday Gift Pick, Face & Body Care, Face & Body Care Main, K-BEAUTY, K-Beauty Bestsellers, K-Beauty Collagen, K-BEAUTY SKINCARE, Members Only, Skincare",collagen-peptide-face-mist-hydrating-firming-korean-skincare-spray
AGE20's Signature Essence Cover Pact SPF 50+ Vegan Hydrating Cream Foundation,AGE20's,Foundations & Concealers,AGE04,27.99,https://ivyusa.com/products/ages-20,https://cdn.shopify.com/s/files/1/0605/4392/6331/files/AGE20S_PDP_AGE04_23W_Essence_Cover_Pack_SPF50__main.jpg?v=1770677045,"The No.1 Foundation in Korea for 10 Consecutive Years.Experience the perfect hybrid of skincare and makeup. The AGE20's Signature Essence Cover Pact is not just a foundation; it is a skin-caring beauty balm formulated with 71% Essence to deliver a radiant, dewy finish while improving your skin's condition over time. Winner of the Cosmoprof North America Awards 2025 (Makeup & Nail Category), this compact offers professional-grade performance with a clean beauty philosophy.
 • 71% Skincare Essence: Infused with Hyaluronic Acid, Ceramide NP, and Niacinamide. This formula hydrates, strengthens the skin barrier, and refines skin texture while you wear it.
 • Clean & Vegan Formula: Certified Vegan and 100% Cruelty-Free. Contains no animal-derived ingredients and is suitable for sensitive skin.
 • 4-in-1 Performance: Provides Full Coverage, Makeup Base, Skin Care, and Sun Protection (Broad Spectrum SPF 50+) in one step.
 • Flawless Radiant Finish: The latte-art blending technology combines cover base and essence to correct redness and balance skin tone, delivering a natural ""glass skin"" glow without caking.
 • Cream-to-Powder Texture: A cream foundation that melts into the skin for a lightweight feel and high adherence. Ideal for all skin types, especially dry skin.
 Available Shades:
 We carry a curated selection of inclusive shades to match various undertones:
 • 23W: Light beige with golden warm undertones for light skin.
 • 25N: Light beige with subtle neutral olive undertones for light skin.
 • 27C: Light-medium beige with peachy cool undertones for light-to-medium skin.
 • 28N: Light-medium beige with golden olive undertones for light-to-medium skin.
 • 29W: Medium beige with golden warm undertones for medium skin.
 • 31N: Medium-tan with rosy neutral undertones for healthy skin.
 • 35N: Tan with golden olive undertones for rich skin tones.
 • 41N: Rich brown with golden undertones for deep skin.
 Show More 
<div class=""","Gently rub the surface of the pact with the included puff to blend the essence and foundation. Apply to the face using a patting motion for even coverage.
 Show More 
<div class=""","Back To School Sale, BESTSELLER, CLD Event Shop, Face, Featured, Foundation, Foundations & Concealers, K-BEAUTY, K-Beauty Bestsellers, K-Beauty Hyaluronic, K-Beauty Makeup, K-BEAUTY SKINCARE, Makeup Main, Members Only, New Arrivals, NYFW25, Prom Night Flash Sale, Summer Pop Up in LA, Summer Savings, Sweatproof Summer Picks, Trending Now, Weightless Summer Makeup",ages-20
"Kiss New York Korean Sheet Mask for Hydration, Brightening, and Anti-Aging – Niacinamide, Collagen & Adenosine (6 Sheets)",Kiss New York,Skincare,KKF01,11.99,https://ivyusa.com/products/korean-sheet-mask-for-hydration-brightening-and-anti-aging-niacinamide-collagen-adenosine-6-sheets-1,https://cdn.shopify.com/s/files/1/0605/4392/6331/files/KKF01_main.png?v=1762723508,"A 3-in-1 Korean sheet mask collection that brightens, firms, and deeply hydrates your skin.Made with eco-friendly Tencel and infused with Niacinamide, Collagen, and Adenosine, it delivers radiant, youthful, and nourished skin — inspired by traditional Korean herbal skincare.
 • Eco-Friendly & Skin-Friendly Design
Made with an eco-friendly Tencel sheet from natural pulp for a soft, breathable fit — gentle and ideal for sensitive skin.
 • Deep Hydration & Skin Renewal
Lightweight yet nourishing essence delivers long-lasting moisture, leaving skin smooth, plump, and radiant.
 • Multi-Functional Care – Brightening, Collagen & Tightening
• Brightening: Enriched with Niacinamide to even skin tone, fade dark spots, and restore clarity.
• Collagen: Packed with Hydrolyzed Collagen and Vitamin C derivatives to boost elasticity, firm skin, and promote a luminous glow.
• Tightening: Powered by Adenosine to smooth fine lines and reduce visible wrinkles while improving skin density and resilience.
Together, these three formulas work to hydrate, brighten, and firm, revealing visibly radiant, youthful skin.
 • Inspired by traditional Korean herbal skincare
Formulated with Peony Root, Coptis Root, and Mulberry Leaf Extracts for antioxidant and soothing benefits.
 • Suitable for all skin types
Gentle, low-irritant formula perfect for dry, sensitive, or combination skin, ideal for daily or weekly care.
 Show More",,"K-Beauty Bestsellers, K-BEAUTY SKINCARE, Kiss New York Face Mask, Mask & Cleanser, Mask Sheet, Skincare",korean-sheet-mask-for-hydration-brightening-and-anti-aging-niacinamide-collagen-adenosine-6-sheets-1
"LAGOM White Kaolin Mud Mask - Deep Pore Cleansing & Detoxifying Clay Mask with AHA, BHA, PHA, Hydrating Kaolin for Blackheads & Sebum Control (110ml / 3.71 fl.oz)",LAGOM,,LAG12,26.99,https://ivyusa.com/products/lagom-white-kaolin-mud-mask-deep-pore-cleansing-detoxifying-clay-mask-with-aha,https://cdn.shopify.com/s/files/1/0605/4392/6331/files/LAGOM-LAG12-LAGOM-WHITE-KAOLIN-MUD-MASK-1.webp?v=1774901444,"Lift and firm your neck with LAGOM Collagen Lifting Neck Cream. Featuring a built-in stainless steel roller and Collagen-Peptide complex, this clinically proven formula reduces neck wrinkles by 17.85% in just 2 weeks. Safe, hygienic, and non-sticky.
 • Deep Pore Detox & Purification: A powerful triple-clay blend (Kaolin, Bentonite, Hectorite) that vacuums out deep-seated impurities and blackheads without the typical ""cracking"" or drying sensation of traditional masks.
 • Triple Acid Exfoliation (AHA, BHA, PHA): Gently dissolves dead skin cells and melts away pore-clogging debris to minimize the appearance of enlarged pores and prevent future breakouts.
 • The Ultimate Makeup Booster: By controlling excess sebum and refining rough skin texture, this mask creates a smooth, calm canvas that helps your makeup sit better and last longer.
 • Soothing & Brightening Synergy: Infused with Centella Asiatica (Cica) and Niacinamide to instantly calm irritated skin and brighten dull skin tones while you detox.
 • Clean & Hypoallergenic Formula: Dermatologically tested and free of Parabens, Silicones, and Artificial Colors. A safe, non-irritating solution for even the most sensitive skin types.
 Show More 
<div class=""","Apply: After cleansing, apply an even layer to your dry face, avoiding the eye and mouth areas.
Rest: Leave on for 10–15 minutes. You’ll feel the impurities being drawn out while the skin remains comfortable.
Rinse: Wash off thoroughly with lukewarm water.
Tip: Use 1–2 times a week as a professional-grade ""home-peeling"" and detox treatment.
 Show More","Face & Body Care, Face & Body Care Main, K-BEAUTY, K-Beauty Bestsellers, K-BEAUTY SKINCARE",lagom-white-kaolin-mud-mask-deep-pore-cleansing-detoxifying-clay-mask-with-aha
Shupong Hydrocolloid Spot Patch Roll – 120 Acne Pimple Patches (10mm),Shupong,Acne Treatments & Kits,SHU01,10.99,https://ivyusa.com/products/hydrocolloid-spot-patch-roll-120-acne-pimple-patches-10mm,https://cdn.shopify.com/s/files/1/0605/4392/6331/files/shu01_thumb-1.jpg?v=1763048982,"A ultra-thin hydrocolloid spot patch designed for clean, hygienic, one-by-one application. This acne pimple patch absorbs impurities, creates a moist healing environment, and stays invisible on the skin for all-day wear.
Perfect for anyone looking for a high-adhesion hydrocolloid patch that blends seamlessly and comes in a cost-effective 120-patch bulk pack.
 • Hygienic One-by-One Roll Design: Pull and apply each patch without touching the adhesive surface for cleaner, safer use.
 • Strong, Long-Lasting Adhesion: Bee-hive inspired structure (0.3mm thin) grips the skin securely even when moisture appears.
 • 100% Hydrocolloid Formula: Quickly absorbs excess fluid and helps create an optimal moist environment for faster healing.
 • Barely-There, Transparent Finish: Sits smoothly on the skin without being noticeable; perfect for daytime use under makeup.
 • Value Pack: 120 Patches (10mm): A large-capacity set ideal for daily care, breakouts, and frequent use.
 Show More 
<div class=""","How to Use
• Hold the tab marked “PULL” and gently peel off the patch.
• Apply the patch to the desired area, then press lightly with your fingertip for 2–3 seconds to secure it.
✔ PRO TIP
• For better adhesion, apply the patch on clean, dry skin before applying any skincare products.
• For hygienic use, replace the patch frequently rather than keeping it on for too long.
 Show More","Acne & Sensitive Skin, Early Holiday Gift Pick, Face & Body Care, Face & Body Care Main, K-BEAUTY, K-Beauty Bestsellers, K-BEAUTY SKINCARE, Members Only, Skincare, Virgos' Clean Girl Makeup Shop",hydrocolloid-spot-patch-roll-120-acne-pimple-patches-10mm
"EARTHNIQ Collagen Face Mask (5pcs) – Hyaluronic Acid & Ceramides for Hydrated, Firm & Radiant Skin",EARTHNIQ,Skin Care Masks & Peels,EAR10,12.99,https://ivyusa.com/products/collagen-face-mask-5pcs-hyaluronic-acid-ceramides-for-hydrated-firm-radiant-skin,https://cdn.shopify.com/s/files/1/0605/4392/6331/files/EAR10_main.png?v=1762446420,"A premium 5-sheet collagen mask set powered by Invincity® red algae and HydraMatrix 10 Complex™. Deeply hydrates, firms, and revitalizes the skin barrier with 100% pure cotton linter sheet for a comfortable, spa-like treatment at home.
 • Advanced Skincare: Powered by Invincity®, a certified red algae extract from Ouessant Island, France, that helps reduce fine lines and restore firmness for smoother, more elastic skin.
 • High-Purity Vegan Collagen RHC: Infused with RHC vegan collagen, a next-generation peptide alternative that revitalizes skin at the molecular level for youthful, plump texture.
 • Intense Hydration Boost: The HydraMatrix 10 Complex™ delivers multi-layer hydration with 10 types of hyaluronic acid for deep, lasting moisture from surface to core.
 • Super Triple Complex Formula: Features QORA™ technology, a synergy of Ceramide Capsule Complex, Centella Asiatica Extract, and Shiretoko Deep Sea Water to reinforce the skin barrier and combat dryness.
 • 100% Pure Cotton Linter Sheet (5pcs): Each biodegradable Bemliese® sheet mask fits comfortably to deliver active ingredients effectively and evenly — for a refreshed, glowing finish every time.
 Show More 
<div class=""","1️⃣ Prep Your Skin:
After cleansing, refine your skin texture with toner.
2️⃣ Apply the Mask:
Take one sheet mask from the pouch and unfold it.
Place it over your face, adjusting around eyes and mouth for a perfect fit.
3️⃣ Relax & Absorb:
Leave on for 10–20 minutes, then gently pat the remaining essence into your skin until fully absorbed.
💡 Use 2–3 times a week for best results. Store remaining sheets in a cool, dry place.
 Show More","Ceramide, Collagen, Dryness & Dehydration, Early Holiday Gift Pick, EARTHNIQ, Face & Body Care, Face & Body Care Main, Featured, Hyaluronic Acid, K-BEAUTY, K-Beauty Bestsellers, K-Beauty Collagen, K-Beauty Hyaluronic, K-BEAUTY SKINCARE, Mask Sheet, Members Only, New, New Arrivals, Skincare",collagen-face-mask-5pcs-hyaluronic-acid-ceramides-for-hydrated-firm-radiant-skin
Arocell Moisturizing Cream – Deep Hydration & Barrier Repair,Arocell,K-BEAUTY SKINCARE,ARC08,29.99,https://ivyusa.com/products/moisturizing-cream-deep-hydration-barrier-repair,https://cdn.shopify.com/s/files/1/0605/4392/6331/files/ARC08_main.png?v=1765467516,"Arocell’s Moisturizing Cream delivers deep hydration and soothing care for dry, sensitive, or irritated skin. This fast-absorbing Korean skincare moisturiser cream strengthens the skin barrier with panthenol, hyaluronic acid, and rejuvenating growth-factor ingredients for a smoother, healthier look.
 • Intense Moisture for Dry & Sensitive Skin – Relieves tightness, rough texture, and irritation.
 • Fast-Absorbing, High-Density Texture – Deep hydration without heaviness.
 • Rejuvenating Ingredients – Growth factors + donkey milk for smoother, healthier-looking skin.
 • Strengthens Skin Barrier – Panthenol & hyaluronic acid support long-lasting moisture.
 • Clean, Plant-Derived Formula – 85% naturally derived ingredients.
 • Eco-Friendly Packaging – Recyclable, ink-free, and biodegradable materials.
 Show More 
<div class=""","• Apply as the final step of your daily skincare routine.
• Take an appropriate amount into your palm.
• Gently massage the cream over the entire face until fully absorbed.
• 
 Use morning and night for best results.
 Show More 
<div class=""","Arocell, Bridal Party Gifts, Dryness & Dehydration, Early Holiday Gift Pick, Featured / New, K-Beauty Bestsellers, K-Beauty Hyaluronic, K-BEAUTY SKINCARE, Mask & Cleanser, Over $29.98, Skincare, Trending Now",moisturizing-cream-deep-hydration-barrier-repair
"EARTHNIQ Collagen Lifting Mask Film – Korean Firming Skincare for Elasticity, Hydration & Youthful Glow",EARTHNIQ,Skin Care Masks & Peels,EAR03,11.99,https://ivyusa.com/products/collagen-lifting-mask-film-korean-firming-skincare-for-elasticity-hydration-youthful-glow,https://cdn.shopify.com/s/files/1/0605/4392/6331/files/EAR03_main.png?v=1762836745,"1-second dissolving collagen film for instant lift, deep hydration, and firmer, more elastic skin. Infused with premium Italian low-molecular collagen and hyaluronic acid for visible rejuvenation and glass-skin radiance.
 • Instant Absorption: Revolutionary 0.1 μm collagen nanofiber film dissolves in just 1 second upon contact with moisture, delivering rapid hydration and visible firming effects for all skin types.
 • Korean Skincare Powered by Science: Clinically proven lifting performance — up to +131% forehead lift, +152% hydration, and +128% radiance, verified by dermatology centers in Korea.
 • Targeted Lifting Care Set: Includes 15 collagen film patches (75 mm × 43 mm each) designed to firm and rejuvenate multiple areas — ideal for forehead, cheeks, and neck.
 • Pure & Safe Formula: Made with 99% hydrolyzed collagen and 1% hyaluronic acid only. Free from fragrance, alcohol, parabens, and harsh additives — gentle for sensitive skin.
 • Premium Italian Collagen: Formulated with ultra-low molecular weight collagen (300 Da) for maximum skin affinity, ensuring deeper absorption and superior elasticity compared to regular collagen masks.
 Show More 
<div class=""","1️⃣ Prep Your Skin
Lightly mist your face 1–2 times and let it absorb completely. Make sure there’s no excess moisture left on the skin.
2️⃣ Peel Off the Protective Sheet (A)
Carefully retrieve one collagen patch and remove the translucent protective sheet (A).
3️⃣ Apply the Collagen Film (B)
Place the white collagen film side (B) directly onto your desired area — forehead, under-eyes, or cheeks.
4️⃣ Remove the Pink Sheet (C)
Once the film is well attached to your skin, gently peel off the pink sheet (C).
5️⃣ Mist & Melt
Spray the collagen mist generously (at least 7 times) over the applied area to help the film fully dissolve.For best synergy, use with COLLAGEN Peptide Synergy Mist, but any facial mist can help activate the collagen film’s absorption and lifting effect.
6️⃣ Tap to Absorb
After the film melts completely, avoid rubbing. Gently tap your skin to aid full absorption.
🩵 Film Layer Guide
A – Protective Sheet: Transparent layer that prevents premature melting.
B – Collagen Film: The main layer made of 99% hydrolyzed collagen for lifting and hydration.
C – Pink Sheet: Support layer that helps secure adhesion before removal.
✨ Pro Tip
Use with EARTHNIQ Collagen Mist to double the absorption and enhance lifting and hydration results.
For best results, include it in your nightly skincare routine for a firmer, radiant glass glow.
 Show More 
<div class=""","Early Holiday Gift Pick, Face & Body Care, Face & Body Care Main, Glow & Brightening, K-Beauty Bestsellers, K-Beauty Collagen, K-Beauty Hyaluronic, K-BEAUTY SKINCARE, Mask & Cleanser, Members Only, Skincare",collagen-lifting-mask-film-korean-firming-skincare-for-elasticity-hydration-youthful-glow
JMsolution The Effect Niacinamide & Whitening Mask | Vegan Certified Sheet | Brightening & Anti-Wrinkle Dual Care | 10 Sheets (0.81 fl.oz x 10),JM solution,,JMS01,14.82,https://ivyusa.com/products/jmsolution-the-effect-niacinamide-whitening-mask,https://cdn.shopify.com/s/files/1/0605/4392/6331/files/JMSolution-JMS01-THE-EFFECT-NIACINAMIDE-_-WHITENING-MASK-8.jpg?v=1780428111,"Unveil Your Skin’s Natural Radiance with JMsolution The Effect Niacinamide & Whitening Mask. Say goodbye to dull, tired skin and hello to a luminous, glowing complexion. The JMsolution The Effect Niacinamide & Whitening Mask is your ultimate at-home spa treatment, featuring a convenient 10-sheet set where each mask is packed with 24ml (0.81 fl. oz.) of highly concentrated, moisture-rich essence.
 • Powerful Brightening Care: Formulated with a high concentration of Niacinamide (20,000 PPM, Vitamin B3) and low-molecular-weight Hyaluronic Acid, this mask effectively targets dullness and dark spots, delivering a clear, transparent, and radiant skin tone.
 • Patented Moisture Complex: Enriched with ""PhytoIN Refresh Complex,"" a specialized research-backed and patented ingredient designed to deeply moisturize, soothe, and condition your skin, restoring its natural vitality.
 • Vegan-Certified Eco Sheet: Designed with a premium, vegan-certified fabric that softly and seamlessly adheres to the contours of your face. It ensures maximum absorption of the active essence while keeping your skin relaxed and comfortable.
 • Anti-Aging & Whitening Dual Action: Certified as a dual-functional cosmetic, it not only brightens your complexion but also helps smooth fine lines and improve skin elasticity. Plus, it has completed sensitive skin irritation testing, making it safe for daily use.
 • 3 Billion Masks Sold Worldwide: Trust the experts in K-Beauty sheet masks. JMsolution has reached an incredible milestone of over 3 billion masks sold over 8 years. Experience the globally loved, premium skincare solution made in Korea.
 Show More 
<div class=""",,"Face & Body Care, Face & Body Care Main, K-BEAUTY, K-Beauty Bestsellers, K-BEAUTY SKINCARE, Mask Sheet",jmsolution-the-effect-niacinamide-whitening-mask
Aperire Korean Toner Pads with BHA PHA – Instant Cooling & Exfoliating Glacier Water Peel Pads for Large Pores,Aperire,K-BEAUTY SKINCARE,API04,23.99,https://ivyusa.com/products/korean-toner-pads-with-bha-pha-instant-cooling-exfoliating-glacier,https://cdn.shopify.com/s/files/1/0605/4392/6331/files/API04_main.jpg?v=1767990031,"Experience an instant 3-second 'Ice Spa' with these cooling toner pads. Infused with pure Glacier Water and 10 forms of Hyaluronic Acid, they hydrate deeply while BHA, PHA, and LHA gently exfoliate rough skin for a smooth, glowing complexion
 • Instant 3-Second Cooling: Immediately lower skin temperature with this cooling toner pad. Clinical tests show a significant temperature reduction within just 3 seconds of application, effectively soothing overheated and irritated skin.
 • Pure Glacier Water & 10-Layer Hyaluronic Acid: Replaces ordinary water with pure Glacier Water for rapid hydration. Combined with a 10-layered Hyaluronic Acid complex, it penetrates deep into the skin to recharge moisture and maintain a long-lasting hydration barrier.
 • Triple Exfoliation with BHA PHA LHA: A daily peeling solution formulated for sensitive skin. The optimal blend of BHA (pores), PHA (texture), and LHA (refining) gently melts away dead skin cells and sebum without harsh scrubbing.
 • Extra-Large 7cm Dual-Texture Pad: Made with 100% pure cotton, this generous 7cm pad covers more surface area. Use the wave side for gentle exfoliation and the plain side for a soothing moisture pack.
 • Certified Vegan & Mildly Acidic Formula: Officially certified by the Korean Vegan Certification Organization. Its mildly acidic pH (4.7-5.7) matches healthy skin, while Panthenol and Madecassoside protect the skin barrier.
 Show More 
<div class=""","• Use as the first step of skincare, morning and night, after cleansing.
• Gently wipe the entire face with the embossed side, focusing on areas with excess sebum or dead skin (nose, chin, T-zone).
• Flip to the flat side and gently pat to help absorb toner and hydrate skin.
• Close the cap tightly after use to keep pads fresh.
 Show More 
<div class=""","Arocell, Bridal Party Gifts, Early Holiday Gift Pick, Featured / New, K-BEAUTY, K-Beauty Bestsellers, K-Beauty Hyaluronic, K-BEAUTY SKINCARE, New Arrivals, Over $29.98, Pores & Oil Control, Skincare, Sweatproof Summer Picks, Trending Now",korean-toner-pads-with-bha-pha-instant-cooling-exfoliating-glacier
Arocell Milky Drop Ampoule – Brightening & Anti-Aging Korean Serum,Arocell,K-BEAUTY SKINCARE,ARC06,29.99,https://ivyusa.com/products/arocell-milky-drop-ampoule-brightening-firming-korean-serum,https://cdn.shopify.com/s/files/1/0605/4392/6331/files/ARC06_main.jpg?v=1765463244,"Arocell’s Milky Drop Ampoule is a silky, brightening serum designed to improve skin clarity, radiance, and firmness. Featuring Tranexamic Acid, Niacinamide, Glutathione, and 5% Milk Exosome, this lightweight milky formula absorbs effortlessly and delivers visible results in just 2 weeks. Expect smoother texture, improved tone, and a naturally luminous complexion.
 • High-Performance Brightening FormulaPowered by Tranexamic Acid 50,000ppm, Niacinamide 50,000ppm, Glutathione (98% purity), and Melatonin to visibly improve skin clarity and tone.
 • Noticeable Results in 2 WeeksClinically shown to boost skin density, refine texture, and enhance antioxidant levels for a firmer, healthier-looking complexion.
 • Luminous, Even-Toned FinishHelps reduce dullness and uneven areas, revealing a natural, radiant glow—even without makeup.
 • Advanced 5% Milk Exosome DeliveryNano-sized milk exosomes support deeper absorption, maximizing the effectiveness of key ingredients.
 • Lightweight, Milky TextureProvides rich hydration while absorbing smoothly with no stickiness—ideal for daily AM/PM routines.
 Show More 
<div class=""","1. Apply a small amount to clean, dry skin, focusing on the butterfly zone around the nose and cheeks.
 2. Gently dab — do not rub — to help the formula absorb and lift the pores.
 3. Follow with moisturizer. Use morning and night for best results.
 Show More 
<div class=""","Anti-Aging & Firming, Arocell, Bridal Party Gifts, Early Holiday Gift Pick, Featured / New, Glow & Brightening, K-Beauty Bestsellers, K-BEAUTY SKINCARE, Mask & Cleanser, Over $29.98, Skincare, Trending Now",arocell-milky-drop-ampoule-brightening-firming-korean-serum
Medifoam Self-Adhesive Hydrocolloid Bandage Pads – Ultra-Thin Waterproof Healing Patches,Medifoam,Medical Tape & Bandages,MED04,18.99,https://ivyusa.com/products/self-adhesive-hydrocolloid-bandage-pads-ultra-thin-waterproof-healing-patches,https://cdn.shopify.com/s/files/1/0605/4392/6331/files/MED04_main.png?v=1766430372,"Ultra-thin, self-adhesive hydrocolloid patches that create a waterproof, breathable seal to protect and heal cuts, blisters, and acne while staying comfortable on sensitive skin.
 • Ultra-thin hydrocolloid design: Lightweight, skin-like texture forms a seamless barrier over wounds or blemishes for invisible protection and faster recovery.
 • Self-adhesive & secure: Soft adhesive backing stays in place without extra tape, ensuring comfort and flexibility for everyday wear.
 • Waterproof healing layer: Locks in moisture and shields the affected area from bacteria and external contaminants while allowing skin to breathe.
 • Gentle on sensitive skin: Biocompatible and non-irritating formula suitable for all skin types, even delicate or damaged areas.
 • Multi-purpose protection: Ideal for acne, blisters, minor cuts, and abrasions — keeps wounds clean and supports natural healing.
 Show More 
<div class=""",,"Early Holiday Gift Pick, Face & Body Care, Face & Body Care Main, K-Beauty Bestsellers, K-BEAUTY SKINCARE, Members Only, New, Skincare, Wellness",self-adhesive-hydrocolloid-bandage-pads-ultra-thin-waterproof-healing-patches
"LAGOM Cellup pH Cure Foam Cleanser - Low pH Face Wash for Sensitive & Acne-Prone Skin, Mineral Salt Soothing Formula, Zero Irritation (120ml / 4.05 fl.oz)",LAGOM,,LAG03,14.99,https://ivyusa.com/products/lagom-cellup-ph-cure-foam-cleanser,https://cdn.shopify.com/s/files/1/0605/4392/6331/files/lagom-lag03-cellup-ph-cure-foam-cleanser-main.webp?v=1774897990,"Calm your skin with LAGOM Cellup pH Cure Foam Cleanser. Specifically designed for acne-prone and sensitive skin, this low-pH wash reduces sebum by 40% and features 2,000ppm Mineral Salt for a zero-irritation, hydrating clean.
 • The ultimate cure for tightness and sensitivity Tired of your skin feeling tight and irritated after every wash? Our pH Cure Foam Cleanser is specifically formulated to reset your skin’s balance. It gently removes waste while reinforcing your natural barrier, putting an end to the cycle of sensitivity.
 • Clinically proven for acne-prone skin Experience a clearer complexion with science-backed results. After 4 weeks of use, clinical tests showed a 40% reduction in sebum content. It’s the perfect daily solution for managing oiliness and preventing breakouts without over-drying your skin.
 • Infused with 2,000ppm mineral salt Pure mineral salts work to soothe and detoxify. This natural ingredient helps to refine skin texture and calm inflammation, making it an ideal choice for stressed or troubled skin.
 • Dermatologically tested with zero irritation We prioritize your skin's safety. With a skin irritation index of 0.00, this low-pH formula has been judged suitable for both highly sensitive and acne-prone skin types. It provides a deep clean that feels as gentle as water.
 • Aqualicia: The key to skin hydration Contains our patented Aqualicia, derived from African Acacia Peptides. This ""seed of life"" ingredient ensures your skin never dries out, even in harsh environments, by activating the skin’s natural moisture pathways during the cleansing process.
 Show More 
<div class=""","Whip: Take an appropriate amount and whip it up with water into a rich, dense foam.
Massage: Gently massage the foam over your entire face to lift away impurities.
Rinse: Rinse gently with lukewarm water for a fresh, balanced finish.
 Show More","Face & Body Care, Face & Body Care Main, K-BEAUTY, K-Beauty Bestsellers, K-BEAUTY SKINCARE",lagom-cellup-ph-cure-foam-cleanser
SOBASE Collagen Liquid Cream Spray-On Double Layer Moisturizer for Glass Skin,SOBASE,K-BEAUTY SKINCARE,SOB03,21.99,https://ivyusa.com/products/collagen-liquid-cream-spray-on-double-layer-moisturizer-for-glass-skin,https://cdn.shopify.com/s/files/1/0605/4392/6331/files/1___1000X1000_f6d16127-e08e-4450-8d01-3ce0af2bebd5.jpg?v=1768316551,"Don't Apply with Your Hands, Just Spray It. SO BASE Collagen Liquid Cream transforms heavy anti-aging creams into a lightweight, hygienic spray. It provides the high moisture and glow of a cream with the convenience of a mist, without the sticky mess
 • Innovative ""shake & spray"" double-layer This isn't just a mist. It uses a Two-Phase Nutrient Emulsification System that separates a highly concentrated Cream Layer (Nutrition) and a High-Moisture Ampoule Layer (Hydration). Simply shake to mix them for double the nourishment in one spray.
 • Clinically proven 6-in-1 improvement Just one use delivers immediate results verified by clinical tests: Moisturizing (+67.69%), Skin Glow (+42.43%), Wrinkle Reduction (+14.30%), Elasticity (+12.84%), and Lifting (+7.14%).
 • Powerful elasticity with SYN-COLL Contains SYN-COLL, a patented peptide that boosts collagen synthesis by +76% and inhibits collagen decomposition by -142%, ensuring firm, elastic skin.
 • Deep absorption (nano liposome) Standard creams sit on the surface. We use Nano Liposome Technology to encapsulate active ingredients, allowing them to penetrate deep into the skin for maximum efficacy.
 • Safe for sensitive & baby skin Enriched with Vitamin B5 (Panthenol) to soothe inflammation and strengthen the skin barrier. The formula has passed Dermatologist Skin Irritation Tests, making it safe enough for baby skin.
 • Healthy nature recipe Packed with 10 natural ingredients including Centella Asiatica (Soothing), Fig Extract (Moisture), Ceramide NP (Barrier), and Evening Primrose Oil to restore natural health.
 Show More 
<div class=""","Important: Because of the double-layer formula, mixing is key!
• PREP: Use this step after applying your serum (like the SO BASE Dual Serum) for enhanced elasticity.
• SHAKE: Shake the container vigorously to mix the top Cream Layer and the bottom Ampoule Layer evenly.
• SPRAY: Close your eyes and spray evenly all over your face.
• ABSORB: Gently pat your skin to help it absorb.
 Show More 
<div class=""","Anti-Aging & Firming, Bridal Party Gifts, Dryness & Dehydration, Early Holiday Gift Pick, Featured / New, K-Beauty Bestsellers, K-Beauty Collagen, K-Beauty Hyaluronic, K-BEAUTY SKINCARE, New Arrivals, Skincare, SOBASE, Trending Now",collagen-liquid-cream-spray-on-double-layer-moisturizer-for-glass-skin
Arocell Super Collagen Booster Bubble Serum – Visible Firmness & Glow in 2 Weeks,Arocell,K-BEAUTY SKINCARE,ARC04,29.99,https://ivyusa.com/products/super-collagen-booster-bubble-serum-visible-firmness-glow,https://cdn.shopify.com/s/files/1/0605/4392/6331/files/ARC04_main.jpg?v=1765380367,"A fast-absorbing collagen bubble serum that helps your skin look firmer, smoother, and more lifted from the first use. With tiny, easy-to-absorb collagen and a light bubble texture, it boosts hydration, softens lines, and gives your skin a healthy glow day after day.
 • Skin looks firmer from the first useHelps boost collagen so your skin feels fuller and bouncier right away.
 • Lifts and smooths facial lines for 24 hoursKeeps your skin looking tight and refreshed throughout the day.
 • Super small collagen for better absorptionTiny 274Da collagen sinks in deeply where your skin needs it most.
 • Bubble essence that absorbs fast and feels lightMicro-sized bubbles help the serum soak in quickly without stickiness.
 • Deep hydration that brightens your glow11 types of hyaluronic acid give long-lasting moisture and a fresh, dewy finish.
 • Peptide + ginseng blend for stronger, healthier-looking skinWorks together to improve elasticity and support smoother, firmer skin.
 Show More 
<div class=""","Apply during the essence step, morning and night.
• After cleansing, pump 1–2 pumps of the Super Collagen Booster Serum.
• Gently press the bubble essence into the skin until fully absorbed.
• Follow with your usual moisturizer or treatment.
The bubble texture melts into a lightweight essence, delivering collagen and actives deep into the skin.
 PRO TIP
 For complete firming and lifting care, use Super Collagen Booster Serum together with the Super Collagen Mask.
• Apply 2–3 pumps of serum during the essence step.
• Pat gently to enhance absorption before applying the mask.
• Wake up to smooth, firm, and lifted skin the next morning.
Perfect for those wanting faster visible results and improved elasticity.
 Show More 
<div class=""","Anti-Aging & Firming, Arocell, Bridal Party Gifts, Dryness & Dehydration, Early Holiday Gift Pick, Featured / New, K-Beauty Bestsellers, K-Beauty Collagen, K-Beauty Hyaluronic, K-BEAUTY SKINCARE, Over $29.98, Skincare, Trending Now",super-collagen-booster-bubble-serum-visible-firmness-glow
KISS NEW YORK Pure Glow Vita Bright Eye Patches - Vitamin C & Niacinamide Illuminating Hydrogel Masks for Dark Circles (30 Patches),Kiss New York,Skincare,KVB05,13.99,https://ivyusa.com/products/kiss-new-york-pure-glow-vita-bright-eye-patches-vitamin-c-niacinamide-illuminating-hydrogel-masks-for-dark-circles-30-patches,https://cdn.shopify.com/s/files/1/0605/4392/6331/files/KNY-KVB05-Vita-bright-eye-patches-main.jpg?v=1783014603,"Wake up your eyes with a burst of illuminating vitamins and a refreshing cooling touch. Formulated with an innovative ""Oil-in-Gel"" system, these hydrogel patches deliver a potent multi-vitamin solution and over 10 plant oils deep into the delicate eye area. Experience the ultimate #RadiantGlow as Vitamin C and Niacinamide work in perfect synergy to visibly brighten dark circles, soothe puffiness, and restore your skin’s natural vitality without irritation.
 Why Your Skin Needs It:
 • Optimized Brightening Synergy: Combines pure Vitamin C, stable Vitamin C derivatives, and Niacinamide in a gentle, optimized ratio to visibly illuminate dark circles, making it safe and highly effective even for sensitive skin.
 • 7-Superfood Vitamin Complex: Infused with a natural radiance-boosting blend of Sea Buckthorn, Beet, Carrot, Apple, Guava, Lemon, and Calamansi to restore your skin’s natural, healthy glow.
 • Nourishing Oil-in-Gel System: Features a unique hydrogel matrix packed with 10+ botanical oils. It locks in deep moisture and provides an instant cooling effect to rapidly soothe puffiness and tired eyes.
 • Multi-Area Targeted Care: Not just for under-eyes! Packed with highly concentrated active ingredients, these versatile patches seamlessly treat smile lines, neck wrinkles, and forehead creases for a comprehensive anti-aging routine.
 • Instant & Long-Term Results: Enjoy an immediate cooling sensation and improved skin texture right after use. Achieve maximum brightening results within 2 to 4 weeks, aligning perfectly with your skin’s natural turnover cycle.
 Show More 
<div class=""","Step 1: Complete your basic skincare routine (Cleanser → Toner → Serum → Moisturizer). The moisturizer helps lock in your base hydration.
Step 2: Apply the hydrogel patches directly under the eyes or onto any areas needing intensive care (like smile lines or between the brows).
Step 3: Relax and leave on for 10–20 minutes (up to 30 minutes for deeper care).
Step 4: Remove and gently pat the remaining essence into the skin until fully absorbed.
💡 PRO TIP: Keep the jar in the refrigerator before use! The chilled hydrogel will provide an extra depuffing effect, instantly waking up swollen, tired eyes in the morning.
 Show More 
<div class=""","K-Beauty Bestsellers, Kiss New York, Kiss New York Eye Patches, KNY K-Beauty Series, Mask & Cleanser, Moisturizing, Pores & Oil Control, Skincare, Sweatproof Summer Picks",kiss-new-york-pure-glow-vita-bright-eye-patches-vitamin-c-niacinamide-illuminating-hydrogel-masks-for-dark-circles-30-patches
KISS NEW YORK Spot Care Retinol Clear Patch - Overnight Blemish & Dark Spot Hydrocolloid Patches with Niacinamide (48 Count),Kiss New York,Acne Treatments & Kits,KAP01,7.99,https://ivyusa.com/products/kiss-new-york-spot-care-retinol-clear-patch-overnight-blemish-dark-spot-hydrocolloid-patches-with-niacinamide-48-count,https://cdn.shopify.com/s/files/1/0605/4392/6331/files/kny-kap01-spotcareretinolclearpatch-main.jpg?v=1781203533,"A dual-action overnight hydrocolloid patch formulated with Retinol to visibly fade dark spots and soothe blemishes while you sleep. Features an ultra-thin, invisible design that seamlessly adheres to the skin, delivering powerful active ingredients deep into the targeted area. Packed with 48 patches in two convenient sizes (10mm and 12mm) to provide customized, comfortable spot care for all skin types.
 • PM Advanced Strength: Works overnight to support skin renewal, gently caring for the skin's surface to reveal a smoother-looking texture by morning.
 • Targeted Hyperpigmentation Care: Infused with Niacinamide to effectively improve the appearance of uneven skin tone and visibly fade post-blemish dark spots.
 • Skin Barrier Support: Enriched with Ceramide NP to help lock in moisture and protect the delicate skin barrier during the spot-calming process.
 • Ultra-Thin & Invisible: The seamless, ultra-thin edge design blends flawlessly into all skin tones, ensuring comfortable, secure wear without peeling off while you sleep.
 • Customized Spot Care: Includes 48 hydrocolloid patches in two sizes (24 patches of 10mm and 24 patches of 12mm) to perfectly cover and treat any size blemish.
 Show More 
<div class=""","Cleanse & Dry: Cleanse the targeted area thoroughly and allow it to dry completely.
Apply: Remove the patch from the film, place it over the center of the spot, and press gently to ensure full adhesion.
Leave On: For best results, leave on overnight or for at least 6 hours.
Reveal: Remove in the morning to reveal clean, balanced-looking skin.
 Show More","Acne & Sensitive Skin, Early Holiday Gift Pick, Face & Body Care, Face & Body Care Main, K-Beauty Bestsellers, Kiss New York Spot Patches, KNY K-Beauty Series, Skincare, Sweatproof Summer Picks, Virgos' Clean Girl Makeup Shop",kiss-new-york-spot-care-retinol-clear-patch-overnight-blemish-dark-spot-hydrocolloid-patches-with-niacinamide-48-count
AGE20's UV Defense Hydro Calming Sunscreen SPF 60+ Vegan Daily Moisturizer & Primer,AGE20's,Foundations & Concealers,AGE13,32.99,https://ivyusa.com/products/uv-defense-hydro-calming-sunscreen-spf-60-vegan-daily-moisturizer-primer,https://cdn.shopify.com/s/files/1/0605/4392/6331/files/AGE20S_PDP_AGE13_UV_Defense_Calming_Sunscreen_main.jpg?v=1770759252,"Sunscreen Every Day! Strong Protection, Zero White Cast. Meet your new daily essential. AGE20's UV Defense Hydro Calming Sunscreen is a high-performance hybrid that combines powerful sun protection with the hydration of a moisturizer and the smoothing effect of a primer.
 • Maximum Defense (SPF 60+): Formulated with Broad Spectrum SPF 60+ to block both UVA and UVB rays effectively. Clinically tested and FDA-compliant.
 • 3-in-1 Multi-Care: Acts as a robust sunscreen, a soothing moisturizer, and a makeup-gripping primer in one step.
 • Invisible & Weightless: Melts into the skin instantly like a light lotion. Leaves no white cast, stickiness, or milky film.
 • Skin-Loving Ingredients: Contains Green Tea to cool skin, Aloe Vera to soothe, and Vitamin C + E to repair visible signs of aging.
 • Reef-Safe & Clean: Free from oxybenzone and octinoxate. Vegan, Cruelty-Free, and Non-Toxic (Paraben-free).
 Show More 
<div class=""","Apply a generous amount (approx. three fingers' worth) to your face and neck as the last step of your skincare routine. Use it right before makeup to create a smooth, hydrated canvas.
 Show More 
<div class=""","Back To School Sale, BESTSELLER, CLD Event Shop, Face, Face & Body Care, Face & Body Care Main, Featured, K-Beauty Bestsellers, K-Beauty Makeup, K-BEAUTY SKINCARE, Makeup Main, New Arrivals, NYFW25, Over $29.98, Skincare, Summer Pop Up in LA, Summer Savings, Sweatproof Summer Picks, Trending Now, Weightless Summer Makeup",uv-defense-hydro-calming-sunscreen-spf-60-vegan-daily-moisturizer-primer
Aperire Be Frozen Pore Mask – Instant Cooling & Pore Tightening Glacial Clay Pack,Aperire,,API01,20.00,https://ivyusa.com/products/aperire-be-frozen-pore-mask-instant-cooling-pore-tightening-glacial-clay-pack,https://cdn.shopify.com/s/files/1/0605/4392/6331/files/API01_main002.jpg?v=1767973175,"Experience an instant -8.8°C drop in skin temperature! This non-drying Canadian Glacial Clay mask acts like a magnet for impurities, tightening sagging pores and soothing overheated skin for a flawless, egg-smooth finish
 • Instant Cooling for Overheated Skin: Looking for a refreshing K-beauty clay mask? This cooling formula instantly drops your skin temperature by -8.8°C. It’s the perfect relief for hot, irritated skin that needs to calm down fast.
 • Deep Cleansing with Canadian Glacial Clay: We used premium Canadian Glacial Clay and Alaska Glacier Water instead of harsh chemicals. It works like a vacuum to suck out hidden sebum and impurities, leaving your pores deeply cleaned and refreshed.
 • Visibly Tightens Sagging Pores: Heat makes pores larger. Our Pore Tightening Clay Pack solves this by cooling the skin and tightening enlarged pores instantly. In just one use, you'll see a smoother texture and less visible pores.
 • Creamy, Non-Drying Comfort: Forget clay masks that crack and hurt your face. This mask stays moist and creamy while it works. Packed with soothing ingredients (BSASM™), it cleanses gently without stripping your skin of its natural moisture.
 • 100% Satisfaction Guarantee: Users loved it! Clinical tests confirmed 100% satisfaction for cooling, soothing, and tightening effects. See why customers trust this mask for their pore care routine.
 Show More 
<div class=""","• Step 1: Prep
 After cleansing, ensure your face is completely dry. Excess moisture can reduce the mask's adherence and cooling effect.
• Step 2: Apply
 Take a generous amount (approx. 8–10g) and spread a thick, even layer across your face, avoiding the sensitive eye and lip areas.
• Step 3: Relax
 Leave the mask on for 5 to 10 minutes. Enjoy the refreshing cooling sensation as it works to tighten your pores.
• Step 4: Rinse
 Rinse thoroughly with lukewarm water. Gently massage your face in circular motions (""rolling"") to wash away impurities and dead skin cells.
• 💡 Usage Tip: Recommended for use 1 to 3 times a week, depending on your skin type and condition.
 Show More 
<div class=""","Face & Body Care, Face & Body Care Main, K-BEAUTY, K-Beauty Bestsellers, K-BEAUTY SKINCARE, Mask & Cleanser, Pores & Oil Control, Skincare, Sweatproof Summer Picks",aperire-be-frozen-pore-mask-instant-cooling-pore-tightening-glacial-clay-pack
Arocell Botulcare Pore Lifting Ampoule – Pore Tightening & Wrinkle Lifting Serum for Sagging Pores & Fine Line,Arocell,K-BEAUTY SKINCARE,ARC05,29.99,https://ivyusa.com/products/botulcare-pore-lifting-ampoule-pore-tightening-wrinkle-lifting-serum,https://cdn.shopify.com/s/files/1/0605/4392/6331/files/ARC05_main.jpg?v=1765384212,"Arocell Botulcare Pore Lifting Ampoule delivers fast pore tightening and wrinkle smoothing with patented botulinum peptide and MTD absorption technology. Clinically tested to refine pores, improve texture, and boost skin firmness in just 7 days. Hydrating and brightening formula with niacinamide, panthenol, and ceramides for smoother, lifted, porcelain-like skin.
 • 7-Day Pore Tightening: 
Clinically shown to visibly tighten pores, especially around the butterfly zone beside the nose.
 • Smooths Wrinkles & Fine Lines:
Targets top wrinkle areas—forehead, glabella, smile lines, crow’s feet—improving skin texture in 14 days.
 • Botulinum Peptide Technology:
Powered by patented botulinum polypeptide + MTD absorption for enhanced firming and pore care.
 • Lifts Sagging Pores & Refines Texture:
Improves pore size, pore count, diagonal lines, and aging pores for a smoother, porcelain-like look.
 • Hydrating & Brightening Formula:
Infused with panthenol, ceramide NP, soy isoflavone, adenosine, and niacinamide for moisture, firmness, and glow.
 • Lightweight Dab-On Ampoule: 
Easy “dab & lift” formula adheres well to the skin without stickiness for daily pore care.
 Show More 
<div class=""","1. Apply a small amount to clean, dry skin, focusing on the butterfly zone around the nose and cheeks.
 2. Gently dab — do not rub — to help the formula absorb and lift the pores.
 3. Follow with moisturizer. Use morning and night for best results.
 Show More 
<div class=""","Anti-Aging & Firming, Arocell, Bridal Party Gifts, Early Holiday Gift Pick, Featured / New, K-Beauty Bestsellers, K-BEAUTY SKINCARE, Mask & Cleanser, Over $29.98, Pores & Oil Control, Skincare, Trending Now",botulcare-pore-lifting-ampoule-pore-tightening-wrinkle-lifting-serum
"Arocell Cica Repair Panthenol Gel Mask – Cooling Soothing Mask for Redness, Irritation & Hydration Boost",Arocell,K-BEAUTY SKINCARE,ARC03,13.99,https://ivyusa.com/products/cica-repair-panthenol-gel-mask-cooling-soothing-mask-for-redness-hydration-boost,https://cdn.shopify.com/s/files/1/0605/4392/6331/files/ARC03_main.jpg?v=1765382228,"A lightweight cooling gel mask that instantly soothes irritated skin, reduces redness, and boosts hydration. With patented micro air-hole Cica gel and panthenol, it calms heat-stressed skin, smooths rough texture, and improves spots and blemishes over time. Perfect for sensitive, acne-prone, or easily irritated skin needing fast relief and deep moisture.
 • Instant calming for irritated, sensitive skin: 
Redness, heat, and dryness are visibly soothed right after one mask.
 • Cooling gel sheet that reduces skin heat:
Naturally lowers skin temperature and gives a fresh, calming feel.
 • Deep moisture that lasts longer: 
Hydration improves immediately and stays stable even in dry or windy conditions.
 • Improves spots, marks & uneven tone: 
Helps fade dark spots and blemishes with continued use.
 • Smooths rough texture and pores:
Gently refines dead skin, sebum, and uneven areas for a clearer finish.
 • Great for acne-prone and sensitive skin:
Lightweight gel formula helps reduce oil, sebum, and breakouts.
 • Patented micro air-hole Cica gel sheet:
Ultra-thin, flexible hydrogel with thousands of micro-perforations for better absorption and a comfy fit.
 Show More 
<div class=""","• Cleanse your face and pat skin dry.
• Apply the 2-piece gel mask—first the upper part, then the lower part.
• Leave on for 10–20 minutes and let the cooling gel absorb.
• Remove the mask and gently pat the remaining essence into the skin.
• Follow with your moisturizer if needed.
 PRO TIP
 Keep the mask in the fridge for extra cooling, or use after sun exposure, heat, redness, or irritation for stronger soothing results.
 Show More 
<div class=""","Acne & Sensitive Skin, Arocell, Bridal Party Gifts, Early Holiday Gift Pick, Featured / New, K-Beauty Bestsellers, K-Beauty CICA, K-BEAUTY SKINCARE, Mask & Cleanser, Mask Sheet, Skincare, Sweatproof Summer Picks, Trending Now",cica-repair-panthenol-gel-mask-cooling-soothing-mask-for-redness-hydration-boost
"EARTHNIQ Collagen Mask Film – Korean Collagen Skincare for Firming, Lifting & Hydrating Glass Glow Skin",EARTHNIQ,Skin Care Masks & Peels,EAR01,16.99,https://ivyusa.com/products/collagen-mask-film-korean-collagen-skincare-for-firming-lifting-hydrating-glass-glow-skin,https://cdn.shopify.com/s/files/1/0605/4392/6331/files/EAR01_main.png?v=1762836745,"Discover EARTHNIQ’s collagen mask film — a Korean skincare innovation designed for the eyes, forehead, and cheeks.These dissolving collagen patches melt on contact, infusing hydrolyzed collagen and hyaluronic acid to deeply hydrate, lift, and firm the skin for a smooth, glass-glow finish.Care for glass-glow radiance, hydrate the skin barrier, minimize fine lines, and boost elasticity for firmer, brighter skin.
 • Instant 1-Second Absorption: Ultra-thin collagen mask film melts instantly on skin, delivering deep hydration and visible lifting in one second.
 • Nano Collagen Film Technology: 0.1 μm collagen nanofibers boost absorption 3,000 % deeper and 300 % faster than regular sheet masks.
 • Clinically Proven Korean Skincare: Tested by dermatology centers in Korea — +131 % forehead lift, +152 % hydration, +128 % radiance.
 • Pure Collagen & Hyaluronic Formula: 99 % hydrolyzed collagen + 1 % hyaluronic acid, free from fragrance, alcohol, and irritation.
 • Targeted Multi-Zone Collagen Patches: 20 collagen films for the forehead, cheeks, eyes — tightening and rejuvenating each area.
 Show More 
<div class=""","1️⃣ Prep Your Skin
Lightly mist your face 1–2 times and let it absorb completely. Make sure there’s no excess moisture left on the skin.
2️⃣ Peel Off the Protective Sheet (A)
Carefully retrieve one collagen patch and remove the translucent protective sheet (A).
3️⃣ Apply the Collagen Film (B)
Place the white collagen film side (B) directly onto your desired area — forehead, under-eyes, or cheeks.
4️⃣ Remove the Pink Sheet (C)
Once the film is well attached to your skin, gently peel off the pink sheet (C).
5️⃣ Mist & Melt
Spray the collagen mist generously (at least 7 times) over the applied area to help the film fully dissolve.For best synergy, use with COLLAGEN Peptide Synergy Mist, but any facial mist can help activate the collagen film’s absorption and lifting effect.
6️⃣ Tap to Absorb
After the film melts completely, avoid rubbing. Gently tap your skin to aid full absorption.
🩵 Film Layer Guide
A – Protective Sheet: Transparent layer that prevents premature melting.
B – Collagen Film: The main layer made of 99% hydrolyzed collagen for lifting and hydration.
C – Pink Sheet: Support layer that helps secure adhesion before removal.
✨ Pro Tip
Use with EARTHNIQ Collagen Mist to double the absorption and enhance lifting and hydration results.
For best results, include it in your nightly skincare routine for a firmer, radiant glass glow.
 Show More 
<div class=""","Early Holiday Gift Pick, FACE, Face & Body Care, Face & Body Care Main, Glow & Brightening, K-Beauty Bestsellers, K-Beauty Collagen, K-Beauty Hyaluronic, K-BEAUTY SKINCARE, Mask & Cleanser, Mask Sheet, Members Only, New, Skincare",collagen-mask-film-korean-collagen-skincare-for-firming-lifting-hydrating-glass-glow-skin
KISS NEW YORK Lifting Radiance Retinol Eye Patch - Intensive Anti-Aging & Brightening Hydrogel Mask (60 Patches),Kiss New York,Skincare,KOL01,16.99,https://ivyusa.com/products/kiss-new-york-lifting-radiance-retinol-eye-patch-intensive-anti-aging-brightening-hydrogel-mask-60-patches,https://cdn.shopify.com/s/files/1/0605/4392/6331/files/kissnewyork_kol01_retinoleyepatch_main.jpg?v=1780340563,"Formulated with Retinol, Collagen, and Peptides to help revive dull, tired-looking under-eye skin while supporting elasticity and smoother-looking texture. The moisture-rich hydrogel patch adheres comfortably to deliver nourishing care, leaving the under-eye area feeling refreshed and looking brighter, smoother, and more radiant.
 Why Your Skin Needs It:
 • Targeted Anti-Aging Power: A synergistic blend of Retinol and 5-Peptide Complex visibly smooths fine lines and restores elasticity for a lifted appearance.
 • Deep Multi-Layer Hydration: Features 8 types of Hyaluronic Acid and Ceramide NP to lock in moisture and strengthen the skin barrier against dryness.
 • Invisible ""Zero-Slip"" Adhesion: Our advanced hydrogel technology molds perfectly to your facial contours. It stays securely in place—Won't Slip or Slide—even while you move or dry your hair!
 • Concentrated Essence Solid: Unlike ordinary masks, this ""essence solid"" patch melts into the skin, ensuring 100% of the active ingredients are absorbed without dripping.
 • Multi-Use Intensive Care: Perfect for any area needing a boost! Use it on under-eyes, smile lines, forehead, and neck to target all visible signs of aging and fatigue.
 Show More 
<div class=""","Step 1: After cleansing and toning, apply the patches to targeted areas (under-eyes, smile lines, etc.).
Step 2: Leave on for 20-30 minutes while the essence melts into the skin.
Step 3: Remove and gently tap the remaining essence for full absorption.
💡 PRO TIP: After use, press firmly on the center of the inner lid to release air and ensure a tight seal. This keeps your patches fresh and prevents essence evaporation!
 Show More 
<div class=""","K-Beauty Bestsellers, Kiss New York, Kiss New York Eye Patches, KNY K-Beauty Series, Mask & Cleanser, Moisturizing, New Arrivals, Pores & Oil Control, Skincare, Sweatproof Summer Picks",kiss-new-york-lifting-radiance-retinol-eye-patch-intensive-anti-aging-brightening-hydrogel-mask-60-patches
KISS NEW YORK K-Beauty Plump Glow Collagen Jelly Cream (80ml) - Elasticity & Luminosity,Kiss New York,Skincare,KJC01,15.99,https://ivyusa.com/products/kiss-new-york-k-beauty-plump-glow-collagen-jelly-cream-80ml,https://cdn.shopify.com/s/files/1/0605/4392/6331/files/kny_kjc01_plump_glow_vegan_collaen_jelly_cream_main2.jpg?v=1778068849,"Meet your new Glass Skin in a jar. Dive into the ultimate bouncy jelly texture that delivers rich, yet refreshingly lightweight moisture. Clinically tested and proven to increase skin hydration by 22%, this allergen-free pink jelly cream melts instantly into your skin. Packed with K-Beauty powerhouses like Collagen Extract, Salmon PDRN, and Vitamin B12, it visibly plumps, lifts, and gives you an unmatched, radiant glow—without ever feeling heavy or greasy.
 Why Your Skin Needs It:
 • Clinically Proven Plumpness: Backed by science! In a 4-week clinical test, 100% of users reported a positive response for hydration and elasticity, with a proven +22.0% increase in deep skin moisture.
 • The ""Glass Skin"" Glow: Delivers an instant surge of hydration with a fresh, lightweight finish. It is perfectly balanced to provide a luminous, radiant look for all skin types, including combination and oily skin.
 • K-Beauty Super-Ingredients: Formulated with firming Collagen Extract and repairing Sodium DNA (PDRN) to support a refreshed, lifted, and healthy-looking complexion.
 • Naturally Pink & Safe: The beautiful pink color comes naturally from deeply nourishing Vitamin B12—absolutely 0% artificial dyes! It is also clinically tested to be allergen-free and irritation-free.
 • Bouncy, Fun Texture: A rich yet weightless jelly that comes with a convenient, hygienic spatula to easily scoop and ""plump up the glow.""
 Show More 
<div class=""","Customize your glow! Use the included spatula to scoop out the perfect amount of this bouncy jelly.
• ☀️ Morning (Daily Moisturizer): Apply a light, even layer to clean, toned skin for an instant, hydrated, and glowing finish.✨ Pro Tip: When wearing under makeup, use a very small amount and gently pat it in to help reduce pilling!
• 🌙 Night (Sleeping Mask): Apply a thicker, generous layer as the final step in your evening routine to lock in moisture and wake up to a smoother, firmer, and deeply rested complexion.
 Show More","Brightening, Glow & Brightening, K-Beauty Bestsellers, Kiss New York, Kiss New York Moisturizer, KNY K-Beauty Series, Mask & Cleanser, Pores & Oil Control, Skincare, Sweatproof Summer Picks",kiss-new-york-k-beauty-plump-glow-collagen-jelly-cream-80ml
Kiss New York Vita Collagen Serum - Korean Anti-Aging Firming Ampoule with Vitamin A & Hydrolyzed Collagen,Kiss New York,,KVC03,14.99,https://ivyusa.com/products/kiss-new-york-vita-collagen-serum-for-face-1-01-fl-oz-improve-look-of-wrinkles-fine-lines-with-hydrolyzed-collagen-vitamins-a-e-for-smooth-skin-gentle-korean-skincare-for-sensitive-skin,https://cdn.shopify.com/s/files/1/0605/4392/6331/files/kissnewyork-kvc03-collagen-facial-serum-main.png?v=1769463466,"Experience the power of professional Korean skincare at home. The KISS NEW YORK Vita Collagen Serum is a high-performance anti-aging ampoule designed to restore bounce, elasticity, and radiance to tired, aging skin.Infused with a potent blend of 2.5% Vitamin A (Retinol), Vitamin E, and Hydrolyzed Collagen, this intensive treatment absorbs deeply to visibly lift sagging skin and tighten enlarged pores.
 • Clinical-Level Firming: Formulated with Hydrolyzed Collagen that penetrates deeper than standard collagen, delivering structural support to fill in fine lines and wrinkles.
 • 2.5% Retinol Complex: A high-strength Vitamin A formula that accelerates skin renewal, smoothing texture, and fading age spots for a flawless, porcelain finish.
 • Instant ""Glass Skin"" Glow: The rich, silky ampoule texture glides on effortlessly, instantly plumping the skin with hydration for that coveted dewy, reflective look.
 • Visible Results in 7 Days: Clinically optimized ingredients work fast. Expect smoother, tighter, and more resilient skin within just one week of daily use.
 • Gentle & Safe: Free from harsh alcohols and parabens. Safe for sensitive skin.
 Show More 
<div class=""","Step 1: Apply (The Base)
 After cleansing and toning, apply a generous amount of Vita Collagen Serum to your face and neck. Do not rub it in completely yet; leave the skin slightly moist to help the device glide.
Step 2: Boost (The Synergistic Magic)
 Turn on your Glownic27 Device to ""Booster"" or ""Microcurrent"" Mode. Gently glide the device over your skin in upward, lifting motions.
Why it works: The device's electroporation technology opens temporary channels in the skin, allowing the Retinol and Collagen to penetrate deeper than hands alone.
Step 3: Lift & Sculpt
 Focus on areas of concern such as the jawline, smile lines, and forehead. Hold the device for 2-3 seconds at the end of each swipe to stimulate facial muscles for a tighter, lifted look.
Step 4: Finish
 Once the serum is fully absorbed and your skin feels tacky/plump, finish with a moisturizer to lock in the hydration and active ingredients.
 Show More","FACE, Face & Body Care, Face & Body Care Main, K-Beauty Bestsellers, Kiss New York, Kiss New York Serums, KNY K-Beauty Series, Skincare",kiss-new-york-vita-collagen-serum-for-face-1-01-fl-oz-improve-look-of-wrinkles-fine-lines-with-hydrolyzed-collagen-vitamins-a-e-for-smooth-skin-gentle-korean-skincare-for-sensitive-skin
Arocell Botulcare Graphene Face Mask (5 Sheets) Deep Absorption Energy Mask – Korean Firming & Hydrating Sheet Mask,Arocell,K-BEAUTY SKINCARE,ARC09,19.99,https://ivyusa.com/products/deep-absorption-energy-mask-korean-firming-hydrating-sheet-mask,https://cdn.shopify.com/s/files/1/0605/4392/6331/files/ARC09_main.jpg?v=1765468149,"Arocell’s Deep Absorption Energy Mask is a Korean firming sheet mask designed to boost ingredient absorption and deliver fast visible results. This advanced hydrating and tightening mask helps smooth fine lines and energize dull skin in just 10 minutes.
 • Faster absorption for quicker resultsA microcurrent-responsive sheet boosts delivery, helping active ingredients absorb deeper and work faster.
 • Firming and lifting with collagen peptidesHydrolyzed collagen and peptides revive tired, sagging skin for a smoother, firmer look.
 • Visible tightening with botulinum-derived peptidesSupports skin elasticity and softens fine lines for a naturally lifted finish.
 • Long-lasting hydration & barrier support10-layer hyaluronic acid, seed oils, and panthenol deeply hydrate and strengthen the skin barrier.
 • Even ingredient distribution with smart sheet technologyThe advanced sheet material helps essence spread evenly for consistent full-face care.
 • Gentle, irritation-tested formulaSuitable for sensitive skin needing firming, hydration, and soothing care.
 Power Ingredients Benefits
 • Barrier - Panthenol
 • Firmness - Peptide, Collagen
 • Moisturizing - 10 Hyaluronic Acids
 • Energy - Celtosome, Wakame
 • Efficacy Synergy - Graphene
 • Wrinkle Care - Adenosine
 • Nourishing - 10 seed oil
 FAQS
 What is Microcurrent?
 Q. How does microcurrent work?
 It is a microcurrent generated by the difference between the positive and negative electrodes in the human body, utilizing bioelectric currents.
 Q. Why is microcurrent good for the skin?
 It helps increase absorption and penetration of the active ingredient to the skin.
 Q. Wouldn't it cause an electric shock?
 There is no skin irritation, and it further synergizes the effects of the active ingredients contained within the essence.
 Show More 
<div class=""","• Cleanse your face and gently refine your skin texture.
• Place the mask by aligning it with the eyes and lips, then smooth it evenly onto your face.
• Leave on for 10–20 minutes to allow the essence to fully absorb.
• Remove the mask and gently massage the remaining essence into the skin for deeper absorption.
 Show More 
<div class=""","Arocell, Bridal Party Gifts, Early Holiday Gift Pick, Featured / New, K-Beauty Bestsellers, K-Beauty Collagen, K-Beauty Hyaluronic, K-BEAUTY SKINCARE, Mask & Cleanser, Mask Sheet, Skincare, Trending Now",deep-absorption-energy-mask-korean-firming-hydrating-sheet-mask
KISS NEW YORK Pure Glow Vita Bright Serum - Vitamin C & Niacinamide Radiance Serum for Glass Skin (1.01 fl oz),Kiss New York,,KVB03,14.99,https://ivyusa.com/products/kiss-new-york-pure-glow-vita-bright-serum-vitamin-c-niacinamide-radiance-serum-for-glass-skin-1-01-fl-oz,https://cdn.shopify.com/s/files/1/0605/4392/6331/files/kissnewyork-kvb03-brightening-facial-serum-main_f9e7b1d2-9a7a-4a9d-beb4-ced95e2efdd2.png?v=1777567044,"Unlock your ultimate ""Glass Glow"" with this powerful radiance-boosting serum. Crafted with a nourishing, rich emulsion formula, it melts effortlessly into the skin to deliver deep hydration while visibly brightening dullness. Powered by a potent blend of Vitamin C and Niacinamide, it leaves your complexion looking luminous, even-toned, and perfectly radiant all day long.
 • Boosts ""Glass Skin"" Radiance: Visibly clarifies and brightens dull, tired skin to reveal a flawless, translucent, and luminous glow.
 • Nourishing Rich Emulsion: Unlike watery serums, this rich, comforting formula deeply moisturizes and locks in hydration, leaving skin feeling incredibly soft and supple.
 • Clean & Dermatologist Tested: Safely formulated with No Alcohol and No Parabens, making it a gentle yet effective addition to your daily skincare ritual.
 • 92%+ Consumer Satisfaction: Top-rated by real users who reported outstanding satisfaction in smooth application, intense hydration, and overall skin smoothness.
 • Supercharge Your Results: Pair it with the KISS NEW YORK GLOWNIC27 Facial Beauty Device (sold separately)to increase active ingredient absorption by up to +750% in the epidermis and +200% in the collagen-rich layer! 
 • Vitamin C: A powerful antioxidant that instantly revitalizes dullness and boosts overall skin radiance.
 • Niacinamide: Visibly brightens, promotes a more even skin tone, and helps refine skin texture.
 • Carrot Oil: Delivers intense nourishment and creates a healthy moisture barrier for a lasting, dewy glow.
 • Grapefruit Extract: Energizes and refreshes fatigued skin while providing excellent antioxidant support.
 Show More 
<div class=""","Step 1: Apply (The Base)
 After cleansing and toning, apply a generous amount of Vita Serum to your face and neck. Do not rub it in completely yet; leave the skin slightly moist to help the device glide.
Step 2: Boost (The Synergistic Magic)
 Turn on your Glownic27 Device to ""Booster"" or ""Microcurrent"" Mode. Gently glide the device over your skin in upward, lifting motions.
Why it works: The device's electroporation technology opens temporary channels in the skin, allowing the Retinol and Collagen to penetrate deeper than hands alone.
Step 3: Lift & Sculpt
 Focus on areas of concern such as the jawline, smile lines, and forehead. Hold the device for 2-3 seconds at the end of each swipe to stimulate facial muscles for a tighter, lifted look.
Step 4: Finish
 Once the serum is fully absorbed and your skin feels tacky/plump, finish with a moisturizer to lock in the hydration and active ingredients.
 Show More","FACE, Face & Body Care, Face & Body Care Main, K-Beauty Bestsellers, Kiss New York, Kiss New York Serums, KNY K-Beauty Series, Skincare, Sweatproof Summer Picks",kiss-new-york-pure-glow-vita-bright-serum-vitamin-c-niacinamide-radiance-serum-for-glass-skin-1-01-fl-oz
"LAGOM Aqua Cactus Mask Pack (5 Sheets) - 100% Bamboo Cellulose Sheet with Compressed Cactus Water & Hyaluronic Acid, Instant -3.6℃ Cooling & 25-Layer Deep Hydration",LAGOM,,LAG13,12.99,https://ivyusa.com/products/lagom-aqua-cactus-mask-pack-5-sheets-100-bamboo-cellulose-sheet,https://cdn.shopify.com/s/files/1/0605/4392/6331/files/lagom-lag13-aqua-cactus-mask-pack-2.webp?v=1774901893,"Revitalize tired skin with LAGOM Aqua Cactus Mask Pack. Clinically proven to cool skin by -3.6℃ and hydrate 25 layers deep. Featuring 100% Vegan Bamboo sheets and compressed Cactus water for the ultimate soothing and moisture-locking experience.
 • Instant -3.6℃ Cooling Relief: Clinically proven to lower skin temperature by -3.6℃ on contact. This 3X Cooling Soothing Complex provides a 3.67 times faster soothing effect for red, overheated, and sensitive skin.
 • 25-Layer Deep Hydration: Go beyond the surface. This mask is engineered to recharge moisture up to 25 skin layers deep, effectively eliminating inner dryness and tightness for a long-lasting, plump glow.
 • 100% Bamboo Cellulose Sheet: Our eco-friendly, vegan-certified bamboo sheet offers a ""skin-like"" fit. It holds an immense amount of essence and delivers active ingredients gently without any irritation.
 • Compressed Cactus Energy: Infused with highly concentrated Opuntia Ficus-Indica (Cactus) water and patented Aqualicia® Peptides to open skin's moisture channels and lock in pure hydration.
 • Clean & Sensitive Skin Safe: A 100% non-irritating, vegan-certified formula that’s safe for the whole family. The perfect ""emergency kit"" to instantly boost your skin condition before important days.
 Show More 
<div class=""","• Prepare: After cleansing, prep your skin with a toner.
• Apply: Take out the bamboo sheet and apply evenly over your face, avoiding the eyes and mouth.
• Rest: Relax for 15–20 minutes while the cactus energy sinks in.
• Absorb: Remove the mask and gently pat the remaining essence into your skin until fully absorbed.
 Show More","Face & Body Care, Face & Body Care Main, K-BEAUTY, K-Beauty Bestsellers, K-BEAUTY SKINCARE, Mask Sheet",lagom-aqua-cactus-mask-pack-5-sheets-100-bamboo-cellulose-sheet
SOBASE Vibrating Eye Cream for Puffy Eyes & Dark Circles - Anti-Aging Collagen Built-in Galvanic Massager,SOBASE,K-BEAUTY SKINCARE,SOB01,25.99,https://ivyusa.com/products/vibrating-eye-cream-for-puffy-eyes-dark-circles-anti-aging-collagen-built-in-galvanic-massager,https://cdn.shopify.com/s/files/1/0605/4392/6331/files/SOB01_Eye_Cream___5_1100X1100_4c6bfefa-106a-4d61-99cd-0f067d512ea2.jpg?v=1768276846,"Upgrade your Korean Skincare routine! Our Galvanic Vibrating Eye Cream absorbs 30% deeper to erase wrinkles and dark circles. Experience the ultimate K-Beauty Anti-Aging innovation
 • Advanced K-Beauty Technology (Galvanic Massager) This is not just a tube of cream; it is a smart device. The built-in applicator vibrates 55 times per second. This micro-vibration technology mimics professional spa treatments to stimulate the skin and reduce puffy eyes instantly.
 • Maximized Anti-Aging Absorption (+30%) Why spend money on cream if it stays on your finger? Applying by hand only gets 1-3% absorption. Our vibrating galvanic device pushes anti-aging ingredients deep into the dermis, increasing the absorption rate by over 30%.
 • 60% High-Potency Vegan Collagen We use a massive concentration of 600,000ppm (60%) Pure Vegan Collagen. This is Type-3 ""Human-like"" Collagen, which is AVA-certified and safe for sensitive skin, helping to restore density to thinning areas around the eyes.
 • Real Lifting with 300Da Micro-Molecules Size is the secret to Korean Glass Skin. Unlike animal collagen (500,000Da) which is too big to absorb, we use 300Da Ultra-Low Molecular Collagen. This allows for a 94% absorption rate, filling wrinkles from the inside out.
 • Multi-Zone Wrinkle Eraser This tool effectively targets all signs of aging. Use it to brighten dark circles, lift sagging eye bags, smooth out deep smile lines (nasolabial folds), and tighten neck wrinkles.
 Show More 
<div class=""","• Prep: Open the cap and lightly press the tube to apply a proper amount of eye cream.
• Activate: Touch the applicator to your skin. The vibration device turns on automatically.
• Massage: Gently massage around the eyes, smile lines, and neck to absorb the cream evenly.
 Show More 
<div class=""","Anti-Aging & Firming, Bridal Party Gifts, Early Holiday Gift Pick, Featured / New, K-Beauty Bestsellers, K-Beauty Collagen, K-BEAUTY SKINCARE, New Arrivals, Skincare, SOBASE, Trending Now",vibrating-eye-cream-for-puffy-eyes-dark-circles-anti-aging-collagen-built-in-galvanic-massager
Arocell Dual-Sided Pore Clear Pads – Daily Mildly Acidic Toner Pads with AHA BHA PHA,Arocell,K-BEAUTY SKINCARE,ARC13,29.99,https://ivyusa.com/products/pore-clear-pads-daily-mildly-acidic-toner-pads-with-aha-bha-pha,https://cdn.shopify.com/s/files/1/0605/4392/6331/files/ARC13_main.jpg?v=1765558310,"Arocell Hyaluronic Acid Korean Toner Pad delivers deep hydration with multi-weight hyaluronic acid, plant oils, and AHA fruit extracts to smooth texture, refine pores, and improve elasticity
 • Daily Pore-Tightening Toner PadsConvenient daily toning pads that help remove pore-clogging buildup, excess sebum, and dead skin cells for smoother-looking skin.
 • Powerful Yet Gentle ExfoliationBlended AHA, BHA, and PHA gently exfoliate, cleanse post-wash residue, and help manage pores and blackheads without irritation.
 • Dual-Sided Bear Pad DesignEmbossed side exfoliates and controls sebum, while the flat side smooths skin texture and delivers hydration in one easy swipe.
 • Mildly Acidic pH Balance CareFormulated to match skin’s natural acidity, helping restore pH balance and support a healthy skin barrier after cleansing.
 • Biodegradable Vegan Cotton PadsMade from 100% biodegradable cotton, certified vegan, and gentle enough for daily use on sensitive skin.
 Tips for Multi-Use Care
 ✔ Makeup Touch-UP: Smooth flaky or cakey areas by gently wiping with the pad, then pat with the opposite side before reapplying makeup.
 ✔ Body Exfoliation: After showering, use on elbows, heels, or back areas to remove dead skin and excess oil.
 ✔ Quick Skin Pack: When skin feels rough or stressed, place a pad on targeted areas for 5 minutes, then remove for instant soothing and hydration.
 Show More 
<div class=""","• Use as the first step of skincare, morning and night, after cleansing.
• Gently wipe the entire face with the embossed side, focusing on areas with excess sebum or dead skin (nose, chin, T-zone).
• Flip to the flat side and gently pat to help absorb toner and hydrate skin.
• Close the cap tightly after use to keep pads fresh.
 Show More 
<div class=""","Arocell, Bridal Party Gifts, Early Holiday Gift Pick, Featured / New, K-Beauty Bestsellers, K-Beauty Hyaluronic, K-BEAUTY SKINCARE, Over $29.98, Pores & Oil Control, Skincare, Trending Now",pore-clear-pads-daily-mildly-acidic-toner-pads-with-aha-bha-pha
SNOW2+ AC Magnesium Patch – Overnight Trouble Care Spot Patch (Small / Medium Sizes),SNOW2+,Acne Treatments & Kits,SNB01,13.99,https://ivyusa.com/products/ac-magnesium-patch-overnight-trouble-care-spot-patch-small-medium-sizes,https://cdn.shopify.com/s/files/1/0605/4392/6331/files/ACMgpatchimage3.png?v=1770592275,"Stop Squeezing! Heal your skin with Magnesium.Tired of irritating your skin by squeezing and picking at breakouts? Experience a revolutionary way to treat skin troubles. Our AC Magnesium Patch uses high-purity magnesium to deliver a safe and effective calming effect directly to the source.
 • High-Purity Magnesium (99.95%): Formulated with 99.95% pure magnesium to provide intensive, high-quality care.
 • Ionized Hydrogen Care: Generates hydrogen bubbles upon contact with skin moisture to enhance the calming effect.
 • Clinically Proven: Completed human application tests and skin suitability tests for acne-prone skin.
 • Patented Design: Features a custom-shaped design that adheres perfectly to the curves of your face.
 • Hygienic & Convenient: Comes in a hard case for clean and easy storage.
 Why Magnesium?
 Magnesium is an essential mineral for our body, but it also does wonders for your skin. When the patch meets your skin's natural moisture, the magnesium ionizes and generates Hydrogen Bubbles, which help strengthen the skin’s natural barrier and soothe inflammation quickly.
 Show More 
<div class=""","• Step 01: After cleansing, apply the patch to the dry, targeted area before your skincare routine. Press down vertically.
• Step 02: Gently press the patch for 2–3 seconds to ensure it adheres perfectly.
• Step 03: Leave it on overnight and remove it the next morning to see the magic!
✨ Note: It is perfectly normal for the magnesium points on the patch to turn dark/black after use. This is a sign that the magnesium has successfully ionized and worked its magic on your skin!
 Show More","Acne & Sensitive Skin, Early Holiday Gift Pick, Face & Body Care, Face & Body Care Main, K-BEAUTY, K-Beauty Bestsellers, K-BEAUTY SKINCARE, Members Only, New Arrivals, Skincare, Virgos' Clean Girl Makeup Shop",ac-magnesium-patch-overnight-trouble-care-spot-patch-small-medium-sizes
SOBASE Collagen Bubble Toner - Instant Glow & Anti-Aging with 7 Peptides,SOBASE,K-BEAUTY SKINCARE,SOB04,16.99,https://ivyusa.com/products/super-collagen-booster-bubble-serum-visible-firmness-glow-in-2-weeks,https://cdn.shopify.com/s/files/1/0605/4392/6331/files/3___1000X1000_3c4c80b8-6e2f-4e85-b0c4-40b1e07bb981.jpg?v=1768276057,"Achieve the coveted Korean Glass Skin look with SO BASE Collagen Bubble Toner. Unlike watery toners, our rich bubble texture clings to the skin to deliver 300Da Collagen and Peptides deep into the dermis. This low-pH (subacid) formula provides immediate tightening, brightening, and soothing effects without irritation.
 • Fits Into Your Skin (Size Matters!) Think of normal collagen like a basketball—it's too big to go into your pores. We use Micro-Collagen (300Da) which is like a marble. It’s small enough to go deep inside to plump up wrinkles and fix loose skin.
 • Instant glass skin glow bouncy & firm skin We added 7 kinds of Peptides that act like building blocks for your skin. They work together with collagen to make your face feel tighter and more elastic, just like the famous ""Korean Glass Skin"" look.
 • Convenient no-drip bubble texture: Watery toners are messy and run down your face. Our toner comes out as a fluffy cloud foam. It sticks to your skin and absorbs instantly without spilling a drop. No cotton pads needed!
 • Gentle exfoliation and brightening Instead of harsh chemicals, we use extracts from Green Apples, Grapes, and Plums. They gently smooth out rough skin and brighten your tone, so you look fresh and glowing.
 • Calming for Sensitive Skin: This toner mimics your skin's natural balance (Low pH). It uses natural plant ingredients to soothe redness and keep your skin calm and hydrated.
 Show More 
<div class=""","• Cleanse: Wash your face thoroughly.
• Pump: Pump the toner 1-2 times into the palm of your hand.
• Apply: Gently apply the bubbles all over your face.
• Pat: Lightly tap your skin until the foam disappears.
 Show More 
<div class=""","Anti-Aging & Firming, Bridal Party Gifts, Dryness & Dehydration, Early Holiday Gift Pick, Featured / New, K-Beauty Bestsellers, K-Beauty Collagen, K-BEAUTY SKINCARE, New Arrivals, Skincare, SOBASE, Trending Now",super-collagen-booster-bubble-serum-visible-firmness-glow-in-2-weeks
Aperire Very Pretty Pore Mask – Pore Tightening Pink Clay Mask with Calamine & Centella for Blackheads,Aperire,,API03,20.00,https://ivyusa.com/products/very-pretty-pore-mask-pore-tightening-pink-clay-mask-with-calamine-centella-for-blackheads,https://cdn.shopify.com/s/files/1/0605/4392/6331/files/APERIRE_API03_Concept_3.jpg?v=1767985975,"Achieve a flawless, filtered look with this Pore Tightening Pink Clay Mask. Infused with soothing Pink Calamine and Centella, it acts like a gentle vacuum to suck out blackheads and sebum while calming irritated skin
 • Soothing Pink Clay Mask: Experience the dual power of Pink Calamine and adsorbent clay. This formula instantly calms redness and sensitivity while absorbing excess oil, making it the perfect clay mask for troubled skin.
 • Pore Tightening & Blackhead Care: Stop squeezing your pores. The mineral-rich clay effectively vacuums out deep-seated blackheads and impurities, tightening sagging pores for a smoother, refined texture.
 • Cica (Centella) Barrier Repair: Enhanced with Centella Asiatica Extract (Cica), this mask strengthens the skin's moisture barrier. It delivers intensive relief to rough, irritated skin, preventing future breakouts.
 • Vitalizing 10-Berry Complex: Dull skin gets a brightness boost. A blend of 10 antioxidant-rich berries (like Raspberry and Blueberry) revitalizes tired skin, leaving it glowing and hydrated after wash-off.
 • Gentle & Safe Formula: Worry-free care for sensitive skin. Rated EWG Green Grade, this low-irritation formula provides powerful pore care without harsh chemicals or stripping your skin dry.
 Show More 
<div class=""","• Step 1: Prep
 After cleansing, ensure your face is completely dry. Excess moisture can reduce the mask's adherence and cooling effect.
• Step 2: Apply
 Take a generous amount (approx. 8–10g) and spread a thick, even layer across your face, avoiding the sensitive eye and lip areas.
• Step 3: Relax
 Leave the mask on for 5 to 10 minutes. Enjoy the refreshing cooling sensation as it works to tighten your pores.
• Step 4: Rinse
 Rinse thoroughly with lukewarm water. Gently massage your face in circular motions (""rolling"") to wash away impurities and dead skin cells.
• 💡 Usage Tip: Recommended for use 1 to 3 times a week, depending on your skin type and condition.
 Show More 
<div class=""","Face & Body Care, Face & Body Care Main, K-BEAUTY, K-Beauty Bestsellers, K-Beauty CICA, K-BEAUTY SKINCARE, Mask & Cleanser, Pores & Oil Control, Skincare",very-pretty-pore-mask-pore-tightening-pink-clay-mask-with-calamine-centella-for-blackheads
Arocell Hyal B5 Soothing Pads – Cooling Relief Jelly Pads with Hyaluronic Acid & Panthenol,Arocell,K-BEAUTY SKINCARE,ARC14,12.99,https://ivyusa.com/products/hyal-b5-soothing-pads-cooling-relief-jelly-pads-with-hyaluronic-acid-panthenol,https://cdn.shopify.com/s/files/1/0605/4392/6331/files/ARC14_Main_879c8781-5dfa-4f92-960b-3ce29d7a8728.png?v=1765562325,"Instant cooling jelly pads that soothe heat-stressed skin while delivering fast, deep hydration and calming care.
 • Instant Cooling Relief on ContactHelps cool heat-sensitized skin with an immediate cooling sensation, making it ideal after sun exposure, workouts, or heat buildup.
 • Ultra-Thin Jelly Pad Technology0.25mm semi-gel fabric adheres smoothly to skin, delivering cooling hydration efficiently without heaviness or irritation.
 • Rapid Hydration & Moisture RetentionInfused with Hyaluronic Acid and Panthenol (B5) to help replenish moisture and maintain skin comfort.
 • Calming Care for Sensitive SkinFormulated with Centella 5-CICA complex to help soothe irritation and support stressed skin.
 • Low-Irritation, Comfortable FitSoft, flexible jelly pads stay in place and feel gentle on sensitive or heat-reactive skin.
 Show More 
<div class=""","• After cleansing, apply pads to areas that feel warm, irritated, or stressed.
• Leave on for 10–15 minutes to deliver cooling hydration.
• Remove pads and gently pat remaining essence into skin.
• Follow with your regular skincare routine.
 Show More 
<div class=""","Arocell, Bridal Party Gifts, Dryness & Dehydration, Early Holiday Gift Pick, Featured / New, K-Beauty Bestsellers, K-Beauty CICA, K-Beauty Hyaluronic, K-BEAUTY SKINCARE, Skincare, Sweatproof Summer Picks, Trending Now",hyal-b5-soothing-pads-cooling-relief-jelly-pads-with-hyaluronic-acid-panthenol
Arocell Super Shot Coltra Ampoule – Korean Collagen Spicule Ampoule for Deep Absorption,Arocell,K-BEAUTY SKINCARE,ARC07,34.99,https://ivyusa.com/products/arocell-super-shot-coltra-ampoule-korean-collagen-spicule-ampoule-for-deep-absorption,https://cdn.shopify.com/s/files/1/0605/4392/6331/files/ARC07_main.jpg?v=1765465457,"Arocell’s Super Shot Coltra Ampoule is a high-performance Korean collagen ampoule powered by micro collagen spicules for deeper absorption and faster results. This intensive collagen serum enhances radiance, soothes irritation, and strengthens the skin barrier—delivering visible improvements in glow and skin recovery within 2 weeks
 • Korean Collagen Ampoule with Spicule Technology Ultra-fine micro spicules that help deliver active ingredients deeper into the skin for enhanced absorption.
 • Deep Absorption Collagen SerumAbsorbs up to 3X deeper than regular ampoules, maximizing the effectiveness of this K-beauty collagen treatment.
 • Radiance Boosting Results in 2 WeeksThis Korean collagen serum improves skin glow by 7% and helps refine texture for a healthy, luminous look.
 • Soothing & Skin Barrier SupportHelps calm irritation by 48% while reinforcing a stronger moisture pathway for healthier skin.
 • High-Purity Collagen FormulaMade with naturally derived, high-absorption ingredients ideal for daily anti-aging and barrier recovery routines.
 Show More 
<div class=""","STEP 1 — Apply After Cleansing
 Use the ampoule as the first step of your evening skincare routine. This helps open absorption pathways so active ingredients can penetrate effectively.
STEP 2 — Pat for Deeper Absorption
 Even if the micro-spicules aren’t visible, they are working. Gently pat the product into your skin to support deeper absorption.
 Avoid using Super Shot 3X and 7X at the same time.
STEP 3 — Finish Your Routine
 Follow with your usual essence and cream to lock in moisture and complete your routine.
 Show More 
<div class=""","Anti-Aging & Firming, Arocell, Bridal Party Gifts, Early Holiday Gift Pick, Featured / New, K-Beauty Bestsellers, K-Beauty Collagen, K-BEAUTY SKINCARE, Mask & Cleanser, Over $29.98, Skincare, Trending Now",arocell-super-shot-coltra-ampoule-korean-collagen-spicule-ampoule-for-deep-absorption
"EARTHNIQ Korean Ampoule Serum with Peptides, Cica, Ceramides & Centella for Radiance",EARTHNIQ,Face Serums,EAR08,18.99,https://ivyusa.com/products/korean-ampoule-serum-with-peptides-cica-ceramides-centella-for-radiance,https://cdn.shopify.com/s/files/1/0605/4392/6331/files/EAR08_main.png?v=1762836745,"A fast-absorbing Korean ampoule serum powered by 75% vegan ferments and brightening peptides. Hydrates, soothes, and refines uneven texture for visibly radiant, balanced, and healthy-looking skin. 
 • High-Density Microbiome Serum: Infused with 75% vegan ferments including Lactobacillus, Bifida, and Galactomyces to balance and strengthen the skin barrier. 
 • Brightening Peptide Complex: Features a vegan amino peptide blend with Moringa Seed Extract and 15 amino acids to improve firmness, tone, and glow. 
 • O’live Biomestage™ Complex: Contains Probiotics, Beta-Glucan, and Centella Asiatica to refine texture and support barrier repair. 
 • Super Triple Complex: A synergy of Ceramide Capsule Complex, Cica Extract, and Shiretoko Deep Sea Water to calm and strengthen sensitive skin. 
 • Instant Absorption, Zero Stickiness: Lightweight, refreshing texture that leaves no residue — ideal as a makeup booster, primer, or daily radiance serum. 
 Show More 
<div class=""","1️⃣ After toner, apply 2–3 drops onto clean skin.
2️⃣ Gently pat until fully absorbed.
3️⃣ Use morning and night.
💗 For best results, layer with EARTHNIQ O’live Biomestage Essence Toner or Collagen Peptide Mist to boost hydration and absorption.
 Show More 
<div class=""","Acne & Sensitive Skin, Dryness & Dehydration, Early Holiday Gift Pick, Face & Body Care, Face & Body Care Main, K-Beauty Bestsellers, K-Beauty CICA, K-BEAUTY SKINCARE, Members Only, Serum, Skincare",korean-ampoule-serum-with-peptides-cica-ceramides-centella-for-radiance
KISS NEW YORK Happy Skin Colorful Spot Patch - Blue Star Hydrocolloid Pimple Patches with Tea Tree Oil & Madecassic Acid (48 Count),Kiss New York,Acne Treatments & Kits,KAP02,7.99,https://ivyusa.com/products/kiss-new-york-happy-skin-colorful-spot-patch,https://cdn.shopify.com/s/files/1/0605/4392/6331/files/kny-kap02-colorfulspotpatch-main.jpg?v=1781203367,"Turn stressful breakouts into a stylish statement with our fun, eye-catching blue star-shaped hydrocolloid patches. Infused with Tea Tree Oil and Madecassic Acid to gently absorb sebum, reduce redness, and calm active breakouts throughout the day. The ultra-thin, comfortable design seamlessly protects your skin from picking while delivering AM advanced strength soothing care.
 • Cute & Fun Star Shape: The eye-catching blue star design makes blemish care fun, confident, and stylish while effectively covering your spots.
 • Active Breakout Care: Formulated with AM Advanced Strength to actively target early and active breakouts, helping absorb impurities and excess sebum.
 • Soothing & Calming Synergy: Infused with Tea Tree Oil to calm irritated skin and Madecassic Acid to protect and soothe sensitivity for a balanced complexion.
 • Ultra-Thin Protection: Creates a lightweight, breathable barrier that prevents finger-picking and shields the affected area from external stressors.
 • Customized Fit: Includes 48 hydrocolloid patches in two convenient sizes (24 patches of 10mm and 24 patches of 12mm) to perfectly cover any blemish.
 Show More 
<div class=""","• Prep: Cleanse the targeted area thoroughly and allow it to dry completely.
• Apply: Remove the patch from the film and apply it directly over the affected area.
• Wait: Let it work its magic. Replace the patch when it absorbs impurities, turns white, and swells.
• Reveal: For best results, wear the patch for at least 6 to 8 hours before gently removing it.
 Show More","Acne & Sensitive Skin, Early Holiday Gift Pick, Face & Body Care, Face & Body Care Main, K-Beauty Bestsellers, Kiss New York Spot Patches, KNY K-Beauty Series, Skincare, Sweatproof Summer Picks, Virgos' Clean Girl Makeup Shop",kiss-new-york-happy-skin-colorful-spot-patch
"KISS NEW YORK Clear Refine Pore Pad - Gentle Exfoliating & Pore Minimizing Toner Pad with LHA, PHA, and Cica (70 Pads)",Kiss New York,Toners,KTP01,15.99,https://ivyusa.com/products/kiss-new-york-clear-refine-pore-pad-gentle-exfoliating-pore-minimizing-toner-pad,https://cdn.shopify.com/s/files/1/0605/4392/6331/files/KissNewYork_KTP01_TonerPad_PackageFront_649674156868_web.jpg?v=1777506549,"Refine pores and gently smooth your skin in just one step. The Clear Refine Pore Toner Pad is expertly formulated to target excess sebum and rough texture without irritating sensitive skin. Featuring 4th-generation low-irritation exfoliants (LHA + PHA) and deep hydrating ingredients, it leaves your complexion clear, calm, and perfectly prepped. Recommended for sensitive skin concerned with pores and daily exfoliation.
 • Refine & Smooth: Specifically designed to minimize the appearance of enlarged pores and control excess sebum for a balanced, clear complexion.
 • 4th Gen Exfoliation: Infused with LHA and PHA, the latest 4th-generation low-irritation exfoliants that gently sweep away dead skin cells without stripping moisture.
 • Deep Hydration: Formulated with 8 types of Hyaluronic Acid to deliver multi-depth hydration, keeping your skin plump and dewy throughout the day.
 • Soothing Relief: Enriched with Cica (Centella Asiatica) to calm and soothe sensitive or irritated skin, making it perfect for daily use.
 • Dual-Sided Efficiency: Use the embossed side for targeted exfoliation and the smooth side to refine skin texture and prep your face for the next skincare step.
 Show More 
<div class=""","Open the lid and take out a single pad using the included hygienic tweezers.
Gently wipe the face using the Embossed Side first to remove impurities and dead skin cells.
Flip to the Smooth Side to refine skin texture and pat in the remaining essence for extra hydration. (Tip: Leave the smooth side on specific areas like a mini-mask for a quick hydration boost).
Close the lid tightly after each use to keep the pads fresh and moist.
 Show More 
<div class=""","Bridal Party Gifts, Early Holiday Gift Pick, Featured / New, K-BEAUTY, K-Beauty Bestsellers, Kiss New York Toner, KNY K-Beauty Series, New Arrivals, Pores & Oil Control, Skincare, Sweatproof Summer Picks, Trending Now",kiss-new-york-clear-refine-pore-pad-gentle-exfoliating-pore-minimizing-toner-pad
"LAGOM Collagen Lifting Neck Cream - Anti-Aging Formula with Built-in Stainless Steel Roller, Collagen & Peptide for Firming & Wrinkle Care (50ml / 1.69 fl.oz)",LAGOM,,LAG11,29.99,https://ivyusa.com/products/lagom-collagen-lifting-neck-cream-anti-aging-formula-with-built-in-stainless-steel-roller,https://cdn.shopify.com/s/files/1/0605/4392/6331/files/lagom-lag11-collagen-lifting-neck-cream-main.webp?v=1774901131,"Lift and firm your neck with LAGOM Collagen Lifting Neck Cream. Featuring a built-in stainless steel roller and Collagen-Peptide complex, this clinically proven formula reduces neck wrinkles by 17.85% in just 2 weeks. Safe, hygienic, and non-sticky.
 • Clinically proven 17.85% neck wrinkle reduction Visible results where it matters most. After just 2 weeks of use, clinical tests showed a 17.85% reduction in neck wrinkles and a 2.57% increase in deep skin elasticity. It effectively targets and minimizes the appearance of thick age lines and ""tech neck"" creases.
 • Built-in 316L stainless steel roller applicator Experience a smooth, professional-grade massage at home. The integrated 316L stainless steel roller allows for easy, hygienic application while stimulating microcirculation to enhance product absorption. It’s designed to contour perfectly to the delicate neck and décolleté area.
 • Collagen and peptide elasticity boost Reinforce your skin’s foundation. Infused with high-potency Collagen Extract and Acetyl Hexapeptide-8 (often called ""topical botox""), this cream provides an immediate lifting effect to sagging skin, helping you maintain a firm and defined jawline and neck.
 • Comprehensive well-aging synergy Hydrate while you firm. Our unique formula combines 17 types of Amino Acids, Ceramides, and Fermented Squalane to densely fill the skin with moisture and nutrients. It strengthens the thin skin barrier on the neck, which is more prone to dryness and aging.
 • Silk-smooth spreadability with zero stickiness High-performance care without the mess. The smooth, luxurious cream texture glides onto the skin and absorbs quickly without leaving any greasy or sticky residue. It is dermatologist-tested and non-irritating, making it the perfect daily staple for your well-aging routine.
 Show More 
<div class=""","Dispense: Squeeze the tube gently to release an appropriate amount of cream onto the roller.
Massage: Roll the applicator upwards from the collarbone toward the jawline in a steady, lifting motion.
Cleanse: After use, easily wipe the stainless steel roller with a tissue for safe and hygienic storage.
Tip: Use morning and night for 2 weeks to see the maximum lifting synergy.
 Show More","Face & Body Care, Face & Body Care Main, K-BEAUTY, K-Beauty Bestsellers, K-BEAUTY SKINCARE",lagom-collagen-lifting-neck-cream-anti-aging-formula-with-built-in-stainless-steel-roller
"LAGOM Cellup Micro Pore Cleansing Oil - Hydrating Pore & Blackhead Care, Gentle Daily Makeup Remover with Natural Plant Oils (200ml / 6.76 fl.oz)",LAGOM,,LAG04,17.99,https://ivyusa.com/products/lagom-cellup-micro-pore-cleansing-oil,https://cdn.shopify.com/s/files/1/0605/4392/6331/files/lagom-lag04-cellup-micro-pore-cleansing-oil-main.webp?v=1774898384,"Refresh your skin with LAGOM Cellup Micro Pore Cleansing Oil. A clinically proven formula that reduces pore volume by 32% and removes blackheads instantly. This low-irritation, fast-emulsifying daily oil provides a deep, hydrating clean with no oily residue.
 • Micro pore and blackhead care in one step Experience a powerful, all-in-one solution for clearer pores and blackheads. This advanced cleansing oil is clinically proven to improve pore volume by 32% and pore count by 23% immediately after use. It targets even the most stubborn blackheads to reveal a smoother, more refined complexion.
 • Triple oil complex for thorough cleansing Your ultimate daily makeup remover. Powered by a triple blend of naturally derived plant oils (sweet almond, sunflower seed, and jojoba seed), it effortlessly melts away everything from waterproof mascara and sunscreen to ultra-fine dust, ensuring a truly deep clean.
 • Fast emulsification with a water-light finish Say goodbye to heavy, greasy cleansing oils. This lightweight formula boasts an incredibly fast emulsification process. It breaks down instantly upon contact with water to wash away completely, leaving your skin feeling fresh, dewy, and without any oily residue.
 • Hydration with patented aqualicia peptides Cleansing that treats your skin. Infused with our patented Aqualicia (derived from African Acacia peptides, the African ""tree of life""), it activates your skin's inner moisture pathways. It ensures that your skin remains plump and deeply hydrated even after a thorough cleanse, never dry or tight.
 • Hypoallergenic and safe for sensitive skin A professional-grade, low-irritation formula you can trust. It has been clinically tested and verified to have a skin irritation index of 0.00. This mild, dermatologist-approved cleansing oil provides a gentle yet effective clean, safe for even the most sensitive skin types.
 Show More 
<div class=""","Dispense: Pump an appropriate amount onto dry hands.
Massage: Gently massage onto your dry face to melt away makeup and impurities.
Activate: Wet your hands and massage again. Watch the oil instantly emulsify into a light, milky white fluid.
Rinse: Rinse thoroughly with lukewarm water.
 Show More","Face & Body Care, Face & Body Care Main, K-BEAUTY, K-Beauty Bestsellers, K-BEAUTY SKINCARE",lagom-cellup-micro-pore-cleansing-oil
"Medifoam Non-Adhesive Hydrocolloid Wound Dressing Pad -  7 Sheets (2.8"" × 1.2"")",Medifoam,Medical Tape & Bandages,MED03,9.20,https://ivyusa.com/products/non-adhesive-hydrocolloid-wound-dressing-pad-7-sheets,https://cdn.shopify.com/s/files/1/0605/4392/6331/files/MED03_main.png?v=1766430172,"Professional medical-grade foam dressings designed for cleaning, covering, and cushioning wounds. Absorbent and waterproof, ideal for cuts, ulcers, burns, and post-op care. Available in multiple sizes and adhesive types for sensitive skin.
 • High-Absorption Foam: Made with medical-grade polyurethane that efficiently absorbs excess exudate, maintaining a clean, balanced healing environment for optimal recovery.
 • Gentle on Sensitive Skin: Designed and tested for biocompatibility, minimizing irritation even on delicate or sensitive skin — ideal for post-op care, ulcers, burns, and daily wound protection.
 • Soft & Flexible Comfort: Lightweight, breathable foam conforms naturally to body contours and movement, providing comfortable wear even on curved or active areas like knees and elbows.
 • Waterproof Daily Care: The polyurethane film layer provides a protective barrier against water and external contaminants, ensuring reliable, hygienic protection throughout daily activities.
 Show More 
<div class=""",,"Early Holiday Gift Pick, Face & Body Care, Face & Body Care Main, K-BEAUTY, K-Beauty Bestsellers, K-BEAUTY SKINCARE, Members Only, pads, Skincare, Wellness",non-adhesive-hydrocolloid-wound-dressing-pad-7-sheets
"Medifoam Self-Adhesive Hydrocolloid Bandage Pads – Ultra-Thin Waterproof Healing Patches 9 Sheets (1.6"" × 2.4"")",Medifoam,Medical Tape & Bandages,MED07,9.99,https://ivyusa.com/products/self-adhesive-hydrocolloid-bandage-pads-ultra-thin-waterproof-healing-patches-1-6-2-4,https://cdn.shopify.com/s/files/1/0605/4392/6331/files/MED07_main.png?v=1762446425,"Ultra-thin, self-adhesive hydrocolloid patches that create a waterproof, breathable seal to protect and heal cuts, blisters, and acne while staying comfortable on sensitive skin.
 • Ultra-thin hydrocolloid design: Lightweight, skin-like texture forms a seamless barrier over wounds or blemishes for invisible protection and faster recovery.
 • Self-adhesive & secure: Soft adhesive backing stays in place without extra tape, ensuring comfort and flexibility for everyday wear.
 • Waterproof healing layer: Locks in moisture and shields the affected area from bacteria and external contaminants while allowing skin to breathe.
 • Gentle on sensitive skin: Biocompatible and non-irritating formula suitable for all skin types, even delicate or damaged areas.
 • Multi-purpose protection: Ideal for acne, blisters, minor cuts, and abrasions — keeps wounds clean and supports natural healing.
 Show More 
<div class=""",,"Early Holiday Gift Pick, Face & Body Care, Face & Body Care Main, K-Beauty Bestsellers, K-BEAUTY SKINCARE, Members Only, Skincare, Wellness",self-adhesive-hydrocolloid-bandage-pads-ultra-thin-waterproof-healing-patches-1-6-2-4
HealMize 99.5% Pure Freeze-Dried Hyaluronic Acid Melting Capsule for Deep Hydration,HealMize,Face Serums,HEA01,16.00,https://ivyusa.com/products/99-5-pure-freeze-dried-hyaluronic-acid-melting-capsule-for-deep-hydration,https://cdn.shopify.com/s/files/1/0605/4392/6331/files/HEA01_main.png?v=1762836746,"Revolutionary freeze-dried hyaluronic acid capsule delivering deep, long-lasting hydration. Each capsule melts instantly with your serum or toner, releasing 99.5% pure hyaluronic acid — equivalent to 1.6 bottles of serum — for visibly plumper, radiant skin.
 • Ultra Concentrated Hydration: Each capsule contains 995,169ppm of pure hyaluronic acid for deep, all-day moisture.
 • Freeze-Drying Technology: Locks in maximum potency by preserving the pure active ingredient without dilution or fillers.
 • Custom Activation: Activate with your favorite serum or toner, not water, for a personalized skincare boost.
 • Clean & Safe Formula: Hypoallergenic, dermatologist-tested, and free from parabens, alcohol, and artificial fragrance.
 • Clinically Proven: Shown to visibly increase skin hydration and radiance after just one use.
 • Luxury Skincare Reinvented: Lightweight yet deeply nourishing, it plumps and hydrates for lasting smoothness and glow.
 • Single-Use Design: Individually sealed capsules for freshness, hygiene, and travel convenience.
 Show More 
<div class=""",,"Dryness & Dehydration, Early Holiday Gift Pick, Face & Body Care, Face & Body Care Main, Featured / New, Hyaluronic Acid, K-Beauty Bestsellers, K-Beauty Hyaluronic, K-BEAUTY SKINCARE, Members Only, New, Over $29.98, Prom Night Flash Sale, Skincare",99-5-pure-freeze-dried-hyaluronic-acid-melting-capsule-for-deep-hydration
EARTHNIQ Olive Biomestage Essence Toner Hydrating Korean Skincare with Centella & Ceramides,EARTHNIQ,Toners,EAR07,21.99,https://ivyusa.com/products/olive-biomestage-essence-toner-hydrating-korean-skincare-with-centella-ceramides,https://cdn.shopify.com/s/files/1/0605/4392/6331/files/EAR07_main.png?v=1762836745,"A vegan microbiome essence toner powered by 74% fermented plant blend and 41 botanicals. Formulated with Centella Asiatica, Ceramide Complex, and Deep Sea Water to calm, strengthen, and refine pores for smoother, hydrated skin. Clinically tested to improve texture (+114%) and hydration (+117%) in just 2 weeks.
 • High-Density Microbiome Essence Toner: Next-generation formula infused with 74% fermented botanicals and 41 vegan ferments for clarity, balance, and lasting moisture. 
 • Olive Biomestage™ Complex: Probiotics, beta-glucan, and centella asiatica strengthen the skin barrier and refine uneven texture.
 • Super Triple Complex Formula: Features QORA™ technology — ceramide capsule complex, centella extract, and shiretoko deep sea water to soothe and fortify sensitive skin.
 • Clinically Tested Results: +138.7% pore-tightening, +114% smoother texture, and +117.5% hydration in 2 weeks.
 • Texture-Refining Hydration: Lightweight essence absorbs instantly, prepping skin for better absorption of following skincare.
 Show More 
<div class=""","1️⃣ After cleansing, pour a moderate amount onto your palm or cotton pad.
2️⃣ Gently pat over the face and neck until fully absorbed.
3️⃣ For deeper hydration, layer 2–3 times or use as a 3-minute cotton pad mask.
4️⃣ Follow with serum or moisturizer.
For best results, use before EARTHNIQ Collagen Film or Peptide Mist to enhance absorption and skin radiance.
 Show More 
<div class=""","Acne & Sensitive Skin, Dryness & Dehydration, Early Holiday Gift Pick, Face & Body Care, Face & Body Care Main, K-Beauty Bestsellers, K-BEAUTY SKINCARE, Members Only, Skincare, toner",olive-biomestage-essence-toner-hydrating-korean-skincare-with-centella-ceramides
"EARTHNIQ Glutathione Radiance Mask Film – Korean Brightening Skincare for Even Tone, Glow & Hydration",EARTHNIQ,Skin Care Masks & Peels,EAR02,17.99,https://ivyusa.com/products/glutathione-radiance-mask-film-korean-brightening-skincare-for-even-tone-glow-hydration,https://cdn.shopify.com/s/files/1/0605/4392/6331/files/EAR02_main.png?v=1762446420,"A 1-second melting glutathione film powered by nano-absorption technology. Formulated with 100% pure vegan glutathione to hydrate, brighten, and even skin tone for a smooth, radiant, glass-skin finish.
 • Instant 1-Second Absorption: Ultra-thin glutathione film melts instantly on skin, delivering deep hydration and visible radiance in just one second.
 • Nano Glutathione Fiber Technology: 0.1 μm nano-glutathione fibers boost absorption 3,000 % deeper and 300 % faster than regular brightening creams.
 • Clinically Proven Korean Skincare: Dermatology-tested in Korea — +128 % radiance, +111 % smoother texture, +110 % brighter tone.
 • 100 % Pure Vegan Formula: Made with 1,000,000 ppm vegan glutathione — clean, fragrance-free, and irritation-free for all skin types.
 • Targeted Multi-Zone Care: 20 precision-cut films for forehead, under-eye, cheeks, and neck — brightening and hydrating each area with effortless home use.
 Show More 
<div class=""","1️⃣ Prep Your Skin
Lightly mist your face 1–2 times and let it absorb completely. Make sure there’s no excess moisture left on the skin.
2️⃣ Peel Off the Protective Sheet (A)
Carefully retrieve one collagen patch and remove the translucent protective sheet (A).
3️⃣ Apply the Collagen Film (B)
Place the white collagen film side (B) directly onto your desired area — forehead, under-eyes, or cheeks.
4️⃣ Remove the Pink Sheet (C)
Once the film is well attached to your skin, gently peel off the pink sheet (C).
5️⃣ Mist & Melt
Spray the collagen mist generously (at least 7 times) over the applied area to help the film fully dissolve.For best synergy, use with COLLAGEN Peptide Synergy Mist, but any facial mist can help activate the collagen film’s absorption and lifting effect.
6️⃣ Tap to Absorb
After the film melts completely, avoid rubbing. Gently tap your skin to aid full absorption.
🩵 Film Layer Guide
A – Protective Sheet: Transparent layer that prevents premature melting.
B – Collagen Film: The main layer made of 99% hydrolyzed collagen for lifting and hydration.
C – Pink Sheet: Support layer that helps secure adhesion before removal.
✨ Pro Tip
Use with EARTHNIQ Collagen Mist to double the absorption and enhance lifting and hydration results.
For best results, include it in your nightly skincare routine for a firmer, radiant glass glow.
 Show More 
<div class=""","Early Holiday Gift Pick, Face & Body Care, Face & Body Care Main, Glow & Brightening, K-Beauty Bestsellers, K-BEAUTY SKINCARE, Members Only, Skincare",glutathione-radiance-mask-film-korean-brightening-skincare-for-even-tone-glow-hydration
KISS NEW YORK Pure Glow Vita Bright Moisturizer - Vitamin C & Panthenol Luminous Tone-Up Cream (1.69 fl. oz.),Kiss New York,Skincare,KVB04,11.99,https://ivyusa.com/products/kiss-new-york-pure-glow-vita-bright-moisturizer,https://cdn.shopify.com/s/files/1/0605/4392/6331/files/kny-kvb04-vitabrightmoisturizer-main2.jpg?v=1783690125,"Achieve a flawless, beautifully illuminated complexion with our Vitamin-Powered Tone-Up Moisturizer. Designed to deliver an instant #LuminousFinish, this multitasking daily cream provides deep hydration, soothing barrier care, and a brightening boost all in one step. Packed with Panthenol, Vitamin C, and nourishing plant oils, it melts effortlessly into the skin without any sticky residue, leaving you with a naturally glowing, healthy-looking complexion.
 Why Your Skin Needs It:
 • Instant Luminous Tone-Up: Experience an immediate transformation! This vitamin-powered moisturizer delivers a natural, radiant tone-up effect, erasing dullness for a flawless #LuminousFinish that lasts all day.
 • Deep Moisture Barrier Care: Formulated with a powerhouse blend of Panthenol, Glycerin, and Sodium Hyaluronate, it doesn't just hydrate—it locks in moisture and strengthens your skin’s natural barrier to prevent dryness.
 • Silky & Non-Sticky Finish: Finally, a rich moisturizer that feels weightless. Our silky formula melts into the skin instantly with zero sticky residue, making it the ultimate glowing primer to wear under makeup or alone for a ""no-makeup"" glow.
 • Triple Radiance Synergy: Powered by Niacinamide, stable Vitamin C (3-O-Ethyl Ascorbic Acid), and a 7-Superfood Complex (Sea Buckthorn, Carrot, Guava, and more), this cream visibly brightens dark spots and evens out skin tone for long-term clarity.
 Show More 
<div class=""","Step 1: Use as the final step of your daily skincare routine, after cleansing, toning, and applying serum.
Step 2: Scoop a dime-sized amount and smooth evenly over your face and neck.
Step 3: Gently massage and pat into the skin until fully absorbed.
💡 PRO TIP: Thanks to its non-sticky, luminous finish, this moisturizer doubles as an excellent glowing makeup primer! Apply a smooth layer before your foundation for a radiant, lit-from-within look that lasts all day.
 Show More","K-Beauty Bestsellers, Kiss New York, Kiss New York Moisturizer, KNY K-Beauty Series, Mask & Cleanser, Moisturizing, Pores & Oil Control, Skincare, Sweatproof Summer Picks",kiss-new-york-pure-glow-vita-bright-moisturizer
JMsolution Active Golden Caviar Mask Prime | 24K Gold & Caviar Extract | Deep Nutrition & Anti-Aging Care | 10 Sheets,JM solution,Skin Care Masks & Peels,JMS13,17.94,https://ivyusa.com/products/jmsolution-active-golden-caviar-mask-prime,https://cdn.shopify.com/s/files/1/0605/4392/6331/files/JMSolution-JMS13-ACTIVE-GOLDEN-CAVIAR-NOURISHING-MASK-1.jpg?v=1780589095,"Revitalize and Nourish with JMsolution Active Golden Caviar Mask Prime. Restore your skin’s youthful vitality and elasticity with the JMsolution Active Golden Caviar Mask Prime. This luxurious anti-aging treatment comes in a convenient 10-sheet set, engineered to deliver intensive nutrition and a rich, golden glow to tired, depleted skin.
 • Intensive Nutrition From The Sea: Enriched with high-quality Caviar Extract and 24K Gold, providing rich nutrients to tired skin. It deeply nourishes and revitalizes your complexion for a healthy, youthful glow.
 • Triple Moisture Lock System: Formulated with 3 types of Hyaluronic Acid and Mugwort Leaf Extract to build a strong moisture barrier. It prevents hydration loss and keeps skin plump and dewy for hours.
 • Premium Golden Essence: The concentrated golden essence delivers active ingredients effectively without stickiness. Experience a luxurious home spa treatment that enhances skin elasticity and firmness.
 • Skin Soothing & Vitalizing: Contains Calendula and Mugwort extracts to soothe sensitive skin while providing a boost of energy to dull and exhausted skin textures.
 • 3.5 Billion Masks Sold Worldwide: Experience the exceptional quality of JMsolution, a trusted K-Beauty leader with over 3.5 billion masks sold worldwide. Dermatologist-tested and loved globally for proven results.
 Show More 
<div class=""",,"Face & Body Care, Face & Body Care Main, K-BEAUTY, K-Beauty Bestsellers, K-BEAUTY SKINCARE, Mask Sheet, Sweatproof Summer Picks",jmsolution-active-golden-caviar-mask-prime
JMsolution Bio-Multi Hya Waterfull Mask | Melting Hydrogel Sheet | 8 Types of Hyaluronic Acid & Collagen | Intensive Hydration Sleeping Pack | 4 Sheets (1.19 oz x 4),JM solution,,JMS07,15.99,https://ivyusa.com/products/jmsolution-bio-multi-hya-waterfull-mask,https://cdn.shopify.com/s/files/1/0605/4392/6331/files/JMSolution-JMS07-BIO-MULTI-HYA-WATERFULL-MASK_34g_4EA-1.jpg?v=1780447002,"Drench Your Skin in Deep, Lasting Hydration with JMsolution Bio-Multi Hya Waterfull Mask. Quench your skin's thirst and restore its natural vitality. The JMsolution Bio-Multi Hya Waterfull Mask is a premium hydrogel treatment designed to deliver unparalleled moisture and cooling relief to dry, dehydrated skin. This luxurious set contains 4 heavy-weight masks, each packed with 34g (1.19 oz) of a solidified soothing ampoule.
 • 8-Layer Hyaluronic Acid & Collagen: Formulated with an exceptional synergy of eight different molecular weights of Hyaluronic Acid and Hydrolyzed Collagen. This powerful blend deeply penetrates dry skin to deliver intense moisture and strengthen your skin's protective barrier.
 • Advanced Melting Hydrogel Sheet: Experience 34g of a highly concentrated soothing ampoule solidified into a premium hydrogel mask. As it deeply hydrates, the bouncy sheet actively melts into your skin and becomes transparent, signaling full absorption.
 • Overnight Moisture & Soothing: Designed for long-lasting wear. For the most remarkable results, use this intensive treatment as a sleeping pack or leave it on for over 3 hours to ensure your skin fully absorbs the active ingredients, leaving it deeply refreshed and comforted.
 • Barrier Strengthening & Conditioning: Infused with Lactobacillus Ferment Lysate, 3 types of Multi-ceramides, and a soothing botanical complex. This formula restores the skin's moisture balance and calms irritated, dry skin.
 • 3 Billion Masks Sold Worldwide: Trust the experts in K-Beauty. JMsolution has reached an incredible milestone of over 3 billion masks sold over 8 years. Experience globally loved, premium skincare made in Korea.
 Show More 
<div class=""",,"Face & Body Care, Face & Body Care Main, K-BEAUTY, K-Beauty Bestsellers, K-BEAUTY SKINCARE, Mask Sheet, Sweatproof Summer Picks",jmsolution-bio-multi-hya-waterfull-mask
JMsolution The Effect Collagen & Firming Mask | 9-Layer Collagen Complex | Vegan Certified Sheet | Anti-Aging & Elasticity Care | 10 Sheets (0.81 fl.oz x 10),JM solution,,JMS03,14.82,https://ivyusa.com/products/jmsolution-the-effect-collagen-firming-mask,https://cdn.shopify.com/s/files/1/0605/4392/6331/files/JMSolution-JMS03-THE-EFFECT-COLLAGEN-_-FIRMING-MASK-8.jpg?v=1780431567,"Restore your skin's natural bounce and vitality. The JMsolution The Effect Collagen & Firming Mask is an intensive anti-aging treatment designed to lift, firm, and deeply nourish sagging or tired skin. This convenient 10-sheet set provides spa-quality care at home, with each mask generously soaked in 24ml (0.81 fl. oz.) of a rich, elasticity-boosting essence.
 • 9-Layer Collagen Complex: Infused with a powerful, highly concentrated blend of nine different types of collagen, hydrolyzed elastin, and adenosine to deeply nourish and restore your skin's natural, bouncy elasticity.
 • Inner & Outer Firming Care: Clinically tested to improve skin elasticity from the inside out. It effectively targets loose, sagging skin and smooths out fine lines, delivering a visibly firmer and more youthful complexion.
 • Patented Moisture Complex: Enriched with ""PhytoIN Refresh Complex,"" a specialized, research-backed patented ingredient designed to deeply moisturize, condition, and revitalize tired, stressed skin.
 • Vegan-Certified Eco Sheet: Dermatologist-tested for sensitive skin, this premium vegan-certified fabric adheres seamlessly to facial contours. It ensures maximum absorption of the active essence without causing irritation.
 • 3 Billion Masks Sold Worldwide: Trust the experts in K-Beauty sheet masks. JMsolution has reached an incredible milestone of over 3 billion masks sold over 8 years. Experience globally loved, premium skincare made in Korea.
 Show More 
<div class=""",,"Face & Body Care, Face & Body Care Main, K-BEAUTY, K-Beauty Bestsellers, K-BEAUTY SKINCARE, Mask Sheet, Sweatproof Summer Picks",jmsolution-the-effect-collagen-firming-mask
"LAGOM Cellus Deep Moisture Cream - 24H Intensive Face Moisturizer for Dry Sensitive Skin, Aqualicia & Ceramide for Barrier Repair, Non-Irritating Hydrating Cream (60ml / 2.02 fl.oz)",LAGOM,,LAG08,21.99,https://ivyusa.com/products/lagom-cellus-deep-moisture-cream-24h-intensive-face-moisturizer,https://cdn.shopify.com/s/files/1/0605/4392/6331/files/lagom-lag08-cellus-deep-moisture-cream-feature-7.webp?v=1774900357,"Hydrate and repair dry skin with LAGOM Cellus Deep Moisture Cream. A clinically proven, zero-irritation (0.00) formula featuring Aqualicia, Ceramides, and D-Panthenol to lock in extreme moisture and strengthen your skin barrier with a silky finish.
 • Intensive moisture magnet for dry skin Experience the power of a highly concentrated, ""moisture-tight"" cream. This intensive formula is specifically designed for skin that has become extremely dry or sensitized due to external environments. It acts like a moisture magnet, locking in hydration without any burden on the skin.
 • High-density hydration with a silky finish Don't choose between richness and comfort. Our deep moisture consistency is engineered to penetrate dry skin layers quickly while maintaining a flawlessly silky finish. It provides the heavy-duty hydration you need with the fast-absorbing, non-greasy feel you want.
 • Clinically proven zero irritation (Index 0.00) Your skin’s safety is verified. Clinically tested by the Skinmed Skin Science Research Center on healthy subjects, our Deep Moisture Cream achieved a skin irritation index of 0.00. This ensures a completely non-irritative experience, making it the perfect daily staple for even the most reactive skin types.
 • Triple barrier strengthening formula Repair and resilient. By combining high-purity D-Panthenol, Ceramides, and Queensland Nut Oil (Macadamia Oil), this cream reinforces the skin's natural moisture barrier. It restores the ideal oil-and-water balance, helping your complexion become more resilient against future irritation.
 • Aqualicia: The key to internal hydration Powered by our patented Aqualicia®, this cream goes beyond surface moisture. It activates your skin's natural water channels (Aquaporins) to strengthen its own hydration capacity from within, ensuring your skin stays plump and dewy for a full 24 hours.
 Show More 
<div class=""","• Apply: As the final step of your skincare routine, take an appropriate amount of the Deep Moisture Cream.
• Smooth: Gently spread along the skin texture, starting from the center of the face outwards.
• Absorb: Lightly pat with your palms to allow the highly concentrated formula to sink in firmly and densely.
Pro Tip: Use it together with the Cellus Aqualane Serum to create a ""Firming & Moisture Seal"" for maximum results.
 Show More","Face & Body Care, Face & Body Care Main, K-BEAUTY, K-Beauty Bestsellers, K-BEAUTY SKINCARE",lagom-cellus-deep-moisture-cream-24h-intensive-face-moisturizer
"Arocell 1 Second Absorbing Bubble Serum for Wrinkles, Pores & Skin Firming",Arocell,K-BEAUTY SKINCARE,ARC11,39.99,https://ivyusa.com/products/1-second-absorbing-bubble-serum-for-wrinkles-pores-skin-firming,https://cdn.shopify.com/s/files/1/0605/4392/6331/files/ARC11_main_a9dfee2f-cc29-4a60-9108-7876a96ddc16.jpg?v=1765484229,"Arocell’s fast-absorbing Korean bubble serum powered by exosomes, 10 peptides, and ultra-low molecular collagen to smooth wrinkles, tighten pores, and boost elasticity in just 1 second.
 • 1 Second Microbubble Absorption:
Soft microbubbles melt instantly into the skin, allowing active ingredients to absorb quickly and evenly without irritation.
 • Exosome-Enhanced Skin Repair:
Exosomes work like ultra-small carriers that deliver ingredients deeper into the skin to support renewal and recovery.
 • Advanced Ingredient Delivery Technology:
Arocell’s unique delivery system helps firming peptides and key nutrients reach deeper layers of the skin for better results.
 • 10 Peptides for Firming & Elasticity:
A powerful blend of peptides helps smooth fine lines, boost elasticity, and support a firmer, more lifted appearance.
 • Deep-Collagen Support:
Low-molecular collagen helps improve skin density, elasticity, and the appearance of pores for a smoother finish.
 • Multi-Weight Hyaluronic Acid Hydration:
Different sizes of hyaluronic acid provide layered hydration, keeping skin moisturized and bouncy throughout the day.
 Show More 
<div class=""","• Apply after cleansing and toning.
• Pump 1–2 times and gently massage until bubbles melt into skin.
• Use morning and night for best results.
 Show More 
<div class=""","Arocell, Bridal Party Gifts, Dryness & Dehydration, Early Holiday Gift Pick, Featured / New, K-Beauty Bestsellers, K-Beauty Collagen, K-Beauty Hyaluronic, K-BEAUTY SKINCARE, Over $29.98, Skincare, Trending Now",1-second-absorbing-bubble-serum-for-wrinkles-pores-skin-firming
"HealMize Freeze-Dried Collagen Boosting Melting Capsule for Firm, Hydrated & Youthful Skin",HealMize,Face Serums,HEA02,16.00,https://ivyusa.com/products/freeze-dried-collagen-boosting-melting-capsule-for-firm-hydrated-youthful-skin,https://cdn.shopify.com/s/files/1/0605/4392/6331/files/HEA02_main.png?v=1762836747,"A next-generation freeze-dried capsule that melts with your serum or toner to activate a concentrated blend of collagen and hyaluronic acid. It delivers deep hydration and elasticity support, leaving your skin firmer, smoother, and more radiant from the very first u
 • High-Performance Dual Formula: Powered by 26% Hydrolyzed Collagen (261,000 ppm) and 66% Sodium Hyaluronate (660,000 ppm) for visible firmness and lasting hydration.
 • French Marine Collagen: Low molecular weight (≤4,000 Da) for quick absorption and effective skin elasticity improvement.
 • Freeze-Drying Technology: Preserves ingredient potency and purity — no dilution, no fillers, just powerful collagen and moisture care.
 • Hydration & Firming Boost: Collagen supports elasticity while hyaluronic acid locks in moisture for a plumper, youthful complexion.
 • Clinically Tested: Proven to enhance skin firmness and hydration after a single use.
 • Clean & Safe Formula: Hypoallergenic, dermatologist-tested, free from parabens, alcohol, and synthetic fragrance.
 • Single-Use Design: Individually packed capsules ensure freshness and hygiene for on-the-go skincare.
 Show More 
<div class=""",,"Anti-Aging & Firming, Collagen, Early Holiday Gift Pick, Face & Body Care, Face & Body Care Main, Hyaluronic Acid, K-Beauty Bestsellers, K-Beauty Collagen, K-Beauty Hyaluronic, K-BEAUTY SKINCARE, Members Only, New, Over $29.98, Prom Night Flash Sale, Skincare",freeze-dried-collagen-boosting-melting-capsule-for-firm-hydrated-youthful-skin
KISS NEW YORK Pure Glow Vita Bright Facial Toner - Vitamin C & Galactomyces Radiance Toner for Glass Skin (120 ml),Kiss New York,Skincare,KVB02,9.99,https://ivyusa.com/products/kiss-new-york-pure-glow-vita-bright-facial-toner,https://cdn.shopify.com/s/files/1/0605/4392/6331/files/KNY-veb04-Extended-Waterproof-Bond_Seal-main.jpg?v=1781703795,"Perfect your daily #GlowPrep routine with this smoothing, radiance-boosting facial toner. Expertly formulated with a powerhouse blend of Galactomyces Ferment Filtrate, Niacinamide, and Vitamin C, it instantly refines skin texture and enhances clarity for a flawless ""glass-skin"" effect. Deeply hydrating and revitalizing, this refreshing toner sweeps away dullness to leave your complexion visibly luminous, balanced, and ready to absorb the next steps of your skincare ritual.
 Why Your Skin Needs It:
 • Refines for Glass Skin: Enriched with Galactomyces Ferment Filtrate to smooth uneven skin texture, visibly minimize pores, and promote a crystal-clear, translucent complexion.
 • Ultimate Brightening Synergy: Combines the illuminating power of Niacinamide and Ascorbic Acid (Vitamin C) to visibly fade dullness and boost your skin's natural, youthful-looking radiance.
 • Deep Hydration & Conditioning: Packed with Glycerin, Butylene Glycol, and Propanediol to instantly replenish moisture, leaving the skin feeling soft, plump, and perfectly balanced after cleansing.
 • Vitamin-Rich Superfood Care: A revitalizing blend of Sea Buckthorn and Carrot Root Extract delivers essential nutrients and antioxidants to keep your skin healthy and glowing.
 • Refreshing #GlowPrep Experience: Suitable for all skin types, this daily toner features a natural Fruit Complex (Apple, Grapefruit, Lemon, Guava) that provides an uplifting sensory experience with every swipe.
 Show More 
<div class=""","Option 1 (Sweep): After cleansing, apply the toner to a cotton pad and gently sweep over your face and neck to remove any remaining impurities.
Option 2 (Pat): Dispense a few drops directly into your palms and gently pat into the skin until fully absorbed. Suitable for daily use (morning and night).
💡 PRO TIP: Use the ""7-Skin Method"" for extra hydration! Apply 2-3 light layers of this toner by gently patting it into the skin before moving on to your Vita Bright Serum to lock in that ultimate glass-skin glow.
 Show More 
<div class=""","K-Beauty Bestsellers, Kiss New York, Kiss New York Toner, KNY K-Beauty Series, Mask & Cleanser, Moisturizing, Pores & Oil Control, Skincare, Sweatproof Summer Picks",kiss-new-york-pure-glow-vita-bright-facial-toner
"KISS NEW YORK Bright Charge Vita Pad - Radiance Boosting & Antioxidant Toner Pad with Niacinamide, Glutathione, and CoQ10 (70 Pads)",Kiss New York,Toners,KTP02,15.99,https://ivyusa.com/products/kiss-new-york-bright-charge-vita-pad-radiance-boosting-antioxidant-toner-pad,https://cdn.shopify.com/s/files/1/0605/4392/6331/files/KissNewYork_KTP02_TonerPad_PackageFront_649674156875_web.jpg?v=1777507184,"Brighten and revitalize dull, tired skin in one easy swipe. The Bright Vita Charge Toner Pad delivers a powerful antioxidant synergy to clarify your complexion and fade the appearance of dark spots. Packed with skin-loving vitamins and brightening agents, it transforms lackluster skin into a radiant, even-toned canvas. Ideal for those looking for intensive soothing and glowing brightening care.
 • Radiance Boost: Instantly revitalizes dull, tired skin, transforming your complexion into a bright, luminous, and radiant canvas.
 • Antioxidant Synergy: Features a powerful blend of Niacinamide, Glutathione, and Ubiquinone (CoQ10) to fight free radicals and clarify uneven skin tone.
 • Dark Spot Care: Effectively targets and helps fade the appearance of dark spots and hyperpigmentation for a more uniform and flawless look.
 • Gentle Clarifying: Provides a gentle brightening effect while maintaining skin's moisture balance, suitable for all skin types seeking a healthy glow.
 • Versatile Skin Prep: Dual-sided pad design allows for easy residue removal (embossed side) and intensive radiance masking (smooth side) on dull areas.
 Show More 
<div class=""","Open the lid and take out a single pad using the included hygienic tweezers.
Gently wipe the face using the Embossed Side first to remove impurities and dead skin cells.
Flip to the Smooth Side to refine skin texture and pat in the remaining essence for extra hydration. (Tip: Leave the smooth side on specific areas like a mini-mask for a quick hydration boost).
Close the lid tightly after each use to keep the pads fresh and moist.
 Show More 
<div class=""","Bridal Party Gifts, Early Holiday Gift Pick, Featured / New, K-BEAUTY, K-Beauty Bestsellers, Kiss New York Toner, KNY K-Beauty Series, New Arrivals, Pores & Oil Control, Skincare, Sweatproof Summer Picks, Trending Now",kiss-new-york-bright-charge-vita-pad-radiance-boosting-antioxidant-toner-pad
Hersteller Little Drops Calming Days Ampoule,HERSTELLER,K-BEAUTY SKINCARE,HER02,23.99,https://ivyusa.com/products/hersteller-little-drops-calming-days-ampoule,https://cdn.shopify.com/s/files/1/0605/4392/6331/files/product_image_1_8712e13e-d2c2-4f91-82b5-457f557d45fd.jpg?v=1782404000,"Soothe sensitive skin with Hersteller Calming Days Ampoule. A 100% vegan, 9:1 bi-phase serum with Calendula that hydrates instantly with no stickiness.
 • 9:1 Golden Ratio: The perfect balance of calming serum (9) and moisturizing oil (1) for optimal skin comfort.
 • Rapid Soothing: Packed with Calendula and Turmeric extracts to instantly calm sensitive and irritated skin.
 • Zero Stickiness: A lightweight, bi-phase formula that absorbs quickly without leaving any heavy or greasy residue.
 • Moisture Barrier: Jojoba and Apple seed oils lock in deep hydration for long-lasting moisture.
 • 100% Vegan & Gentle: Cruelty-free, plant-based ingredients formulated specifically for daily use on sensitive skin.
 Show More 
<div class=""","Apply a few drops to the entire face after cleansing and toning. Gently pat into skin until absorbed. Use morning and/or evening. Follow with moisturizer or SPF.
 Show More 
<div class=""","Anti-Aging & Firming, Bridal Party Gifts, Early Holiday Gift Pick, Featured / New, K-Beauty Bestsellers, K-BEAUTY SKINCARE, Over $29.98, Pores & Oil Control, Skincare, Trending Now",hersteller-little-drops-calming-days-ampoule
FROM ZERO EX-PDRN Glow Mist with Crystal Ceramide,FROM ZERO,K-BEAUTY SKINCARE,FRM01,23.99,https://ivyusa.com/products/from-zero-ex-pdrn-glow-mist-with-crystal-ceramide,https://cdn.shopify.com/s/files/1/0605/4392/6331/files/FRM01_Thumbnail_1380x1380_e20365b0-0bd6-46c0-98ad-7cf39c24d550.jpg?v=1782310892,"Meet the FROM ZERO EX-PDRN GLOW MIST—the first premium mist designed to deliver crystal-clear radiance and deep cellular care. If you want authentic K-Beauty ""Glass Skin,"" this is your ultimate solution.
 • Shake To Activate Your Glass Glow: Discover the secret to flawless Korean glass skin. Our unique formula features luminous crystal-like ceramide particles at the bottom. Simply shake 5+ times to blend and activate an instant, radiant barrier that locks in moisture for all-day dewy hydration.
 • Next-Gen Biotech K-Beauty (Exosome-PDRN): Formulated with cutting-edge Exosome-PDRN technology. Featuring Broccoli PDRN for ultimate skin regeneration and Ginseng Exosomes for an antioxidant and firming boost. Clinically proven to improve wrinkle enhancement by 25%, firming by 21%, and total skin roughness by 19% after 8 weeks.
 • Layered Glow Blend & 3X Plant Collagen: Overloaded with science in a bottle! We replaced plain water with a Lotus Flower Water base for brightening. Packed with 3 types of plant-derived collagen (White Jelly Mushroom, Hibiscus, and Chia Seed) to deliver intense hydration, tightening, and layered skin barrier care.
 • 3-In-1 Multi-Purpose Mist: Elevate your daily routine anywhere, anytime. Use it as a Toner Mist after cleansing to prep and smooth, a Finishing Mist to set your makeup and lock in radiance, or a Refresh Mist to reboot your skin's hydration throughout the day.
 • Premium Korean Skincare: Proudly Made in Korea. Infused with Niacinamide for an even tone, Panthenol, and Adenosine to soothe and fight signs of aging. Achieve a balanced, healthy-looking complexion with this premium biotech-infused revolution.
 Show More 
<div class=""","HOW TO USE
• SHAKE: Shake well 5+ times to evenly blend the luminous crystal ceramide particles settled at the bottom.
• SPRITZ: Spritz evenly onto the face. Use after cleansing as a hydrating toner, anytime throughout the day for a hydration reboot, or over makeup for a dewy, glass-skin glow.
 Show More 
<div class=""","Anti-Aging & Firming, Bridal Party Gifts, Dryness & Dehydration, Early Holiday Gift Pick, Featured / New, K-Beauty Bestsellers, K-Beauty Collagen, K-Beauty Hyaluronic, K-BEAUTY SKINCARE, New Arrivals, Skincare, SOBASE, Trending Now",from-zero-ex-pdrn-glow-mist-with-crystal-ceramide
"JMsolution Marine Luminous Pearl Sunscreen - Broad Spectrum SPF 50, Deep Hydration & Revitalization, 50 ml",JM solution,Skin Care Masks & Peels,JMS19,35.99,https://ivyusa.com/products/jmsolution-marine-luminous-pearl-sunscreen,https://cdn.shopify.com/s/files/1/0605/4392/6331/files/JMSolution-JMS19-MARINE-LUMINOUS-PEARL-SUNSCREEN-1.jpg?v=1780967881,"Protect and nourish your skin with the JMsolution Marine Luminous Pearl Sunscreen. Infused with the pure energy of the deep sea, this Broad Spectrum SPF 50 sunscreen provides powerful, reliable protection against harmful UV rays while delivering deep hydration and revitalization to your complexion. Formulated to leave your skin feeling refreshed and moisturized, it offers a natural, luminous finish without any heavy or sticky residue. Perfect for everyday wear, it is your ultimate daily defense for a healthy, glowing skin barrier.
 • Broad spectrum SPF 50 protection: Effectively shields your skin from harsh, damaging UV rays to help prevent sunburn and signs of premature aging.
 • Deep sea energy infusion: Expertly formulated with marine-based ingredients to deliver deep, long-lasting hydration and revitalization to tired skin.
 • Luminous pearl radiance: Enriched with nourishing pearl properties that help promote a naturally bright, healthy, and glowing complexion.
 • Lightweight & refreshing feel: The smooth formula absorbs quickly into the skin, providing intense moisture without leaving a greasy or sticky residue behind.
 • Perfect daily essential: Conveniently packaged in a 50 ml (1.69 fl. oz.) tube, making it the ideal size for your everyday skincare routine and on-the-go touch-ups.
 Show More",,"Face & Body Care, Face & Body Care Main, K-BEAUTY, K-Beauty Bestsellers, K-Beauty Makeup, K-BEAUTY SKINCARE, Sweatproof Summer Picks",jmsolution-marine-luminous-pearl-sunscreen
SOBASE 100% Pure Collagen Powder Serum - Instant Face Lift & Wrinkle Filler Glow for Sagging Skin,SOBASE,K-BEAUTY SKINCARE,SOB02,23.99,https://ivyusa.com/products/collagen-real-powder-dual-serum,https://cdn.shopify.com/s/files/1/0605/4392/6331/files/4___1000X1000_59748b3c-0d35-4e11-8e8e-e7da9dce428c.jpg?v=1768276285,"The Emergency Fix for Sagging Skin"" Most collagen serums are pre-mixed with water, which makes the collagen weak. SO BASE is different. By keeping the 100% Pure Vegan Collagen Powder separate, we deliver the freshest, most powerful anti-aging energy directly to your pores.
 • Clinically proven instant wrinkle reduction Tests show an immediate 20.37% reduction in wrinkles and a 13.34% boost in elasticity after just one use.
 • Fresh mix technology for maximum potency Liquid serums lose power over time. We keep 100% pure collagen powder separate from the serum so you can mix it fresh for the strongest effect.
 • Instant ""thread lift"" tightening effect Experience a powerful lifting sensation that feels like a professional thread lift procedure, tightening sagging skin and jawlines immediately.
 • Deep absorption with 300Da micro-collagen Uses ultra-small 300Da collagen (94% absorption rate) combined with SYN-COLL peptides to fill wrinkles from deep within.
 • Next-gen anti-aging against sugar damage Contains Carnosine to fight ""Glycation"" (sugar aging), which prevents your skin from turning yellow and stiff.
 Show More 
<div class=""","Important: You must mix the powder and liquid before the first use!
• Press: Push the top pump deeply to break the seal and release the white powder into the purple liquid.
• Shake: Shake the bottle vigorously until the powder dissolves completely.
• Apply: Pump 1-2 times and massage over your face. Tap gently to feel the instant tightening.
 Show More 
<div class=""","Anti-Aging & Firming, Bridal Party Gifts, Dryness & Dehydration, Early Holiday Gift Pick, Featured / New, K-Beauty Bestsellers, K-Beauty Collagen, K-BEAUTY SKINCARE, New Arrivals, Skincare, SOBASE, Trending Now",collagen-real-powder-dual-serum
Arocell Hyaluronic Acid Korean Toner Pad – Total Solution Ampoule Pad for Deep Hydration,Arocell,K-BEAUTY SKINCARE,ARC12,21.99,https://ivyusa.com/products/hyaluronic-acid-korean-toner-pad-total-solution-ampoule-pad,https://cdn.shopify.com/s/files/1/0605/4392/6331/files/ARC12_main.jpg?v=1765485754,"Arocell Hyaluronic Acid Korean Toner Pad delivers deep hydration with multi-weight hyaluronic acid, plant oils, and AHA fruit extracts to smooth texture, refine pores, and improve elasticity
 • Deep Hydration with 3-Layer Hyaluronic Acid:
Low, medium, and high molecular HA work together to replenish moisture, hydrate deeply, and lock in long-lasting hydration. 
 • Elasticity-Boosting Plant-Based Retinol Oil:
Celltosome botanical retinol helps firm the skin and smooth fine lines for improved elasticity and bounce. 
 • 10-Seed Oil Moisture Barrier Complex:
A nutrient-rich blend of seed oils strengthens the moisture barrier and prevents dryness while maintaining balance.
 • Gentle Exfoliation + Turnover Care:
AHA fruit complex smooths rough texture, refines pores, and brightens dull skin for a clearer look. 
 • 100% Unbleached Pure Cotton Pad:
Soft, non-irritating cotton with natural cottonseeds—no fluorescent agents, no bleaching. 
 • Fast-Absorbing, Non-Sticky Oil Ampoule:
Light oil formula absorbs quickly, leaving skin nourished and hydrated without greasiness. 
 • Travel-Friendly Single Packs:
28 individually wrapped pads for freshness, hygiene, and convenient on-the-go use. 
 Show More 
<div class=""","• After cleansing, take out one ampoule pad and gently wipe your entire face.
• Use the textured side for nose, forehead, and chin, then flip to the soft side for cheeks and jawline.
• 
 Use the remaining essence on neck, collarbone, elbows, or knees.
 Show More 
<div class=""","Acne & Sensitive Skin, Arocell, Bridal Party Gifts, Dryness & Dehydration, Early Holiday Gift Pick, Featured / New, K-Beauty Bestsellers, K-Beauty Hyaluronic, K-BEAUTY SKINCARE, Skincare, Trending Now",hyaluronic-acid-korean-toner-pad-total-solution-ampoule-pad
"EARTHNIQ Korean Hydrating Ampoule Serum with Aloe Vera, Cica & Centella – For Pore Care and Sensitive Skin",EARTHNIQ,Face Serums,EAR09,21.99,https://ivyusa.com/products/korean-hydrating-ampoule-serum-with-aloe-vera-cica-centella-for-pore-care-and-sensitive-skin,https://cdn.shopify.com/s/files/1/0605/4392/6331/files/EAR09_main.png?v=1762446420,"A Korean soothing and hydrating serum formulated with 70% organic Aloe Vera, Cica, and patented botanical complexes. This vegan, cruelty-free face serum helps control excess sebum, minimize pores, and deliver deep hydration for visibly calm, glowing skin.
 • All-In-One Hydrating Serum: Lightweight Korean facial serum that balances oil and moisture while soothing and hydrating skin. Helps reduce redness and minimize the look of enlarged pores for a smooth, healthy glow.
 • 70% Organic Aloe Vera & Cica: Infused with COSMOS-certified Aloe Vera Leaf Juice and Centella Asiatica to calm irritation, replenish hydration, and strengthen the skin barrier — perfect for sensitive or acne-prone skin.
 • Anti-Sebum & Pore Care Complex: Contains patented Anti-Sebum Plant Complex with Pueraria Root, Evening Primrose, Japanese Red Pine Leaf & Celtis Sinensis Extracts to help regulate oil production and tighten pores.
 • Blooming Flower Complex: A blend of Borage, Chamomile, Cornflower, Lavender, Hyacinth & Clary Sage that soothes inflammation, improves skin comfort, and promotes clear, balanced skin.
 • Dermatologist-Tested Vegan Formula: 100% vegan, cruelty-free, and non-comedogenic. Free from parabens, alcohol, and artificial fragrance — gentle enough for sensitive, oily, and combination skin.
 Show More 
<div class=""","1️⃣ After toner, apply 2–3 drops onto clean skin.
2️⃣ Gently pat until fully absorbed.
3️⃣ Use morning and night.
💗 For best results, layer with EARTHNIQ O’live Biomestage Essence Toner or Collagen Peptide Mist to boost hydration and absorption.
 Show More 
<div class=""","Acne & Sensitive Skin, Dryness & Dehydration, Early Holiday Gift Pick, Face & Body Care, Face & Body Care Main, Featured, K-Beauty Bestsellers, K-Beauty CICA, K-BEAUTY SKINCARE, Members Only, New, Pores & Oil Control, Skincare",korean-hydrating-ampoule-serum-with-aloe-vera-cica-centella-for-pore-care-and-sensitive-skin
KISS NEW YORK Vita Hydra Serum - 5-Hyaluronic Acid & Ceramide Barrier Repair,Kiss New York,,KVH03,14.99,https://ivyusa.com/products/kiss-new-york-vita-hydra-serum-5-hyaluronic-acid-ceramide-barrier-repair,https://cdn.shopify.com/s/files/1/0605/4392/6331/files/kissnewyork-kvh03-hydrating-facial-serum-main.png?v=1769531348,"Transform dry, dehydrated skin into a dewy, glowing complexion with KISS NEW YORK Vita Hydra Serum. This multi-vitamin powerhouse is expertly formulated to deliver intense hydration deep into the skin's layers while strengthening the moisture barrier Featuring a proprietary Deep Hydration Complex of 5 types of Hyaluronic Acid and Ceramide NP, it instantly relieves tightness and locks in moisture for a plump, smooth finish. Enriched with Centella Asiatica, it soothes sensitive skin, leaving it balanced and refreshed without any sticky residue
 • Deep Hydration Complex: Advanced formula featuring 5 distinct types of Hyaluronic Acid to hydrate multiple layers of the skin, creating a plump, ""glass glow"" appearance from within.
 • Strong Skin Barrier: Infused with Ceramides and Niacinamide to repair and reinforce the skin's natural barrier, preventing moisture loss and protecting against environmental stressors.
 • Lightweight & Fast-Absorbing: The silky, emulsion-type texture glides smoothly onto the skin and absorbs instantly. It is the perfect base for layering under makeup or daily moisturizers without pilling or stickiness.
 • Gentle Formula: A hypoallergenic formulation suitable for all skin types, including sensitive skin. Free from harsh alcohols and parabens.
 • Optimized for Glownic27: Specially designed to pair with the KISS NEW YORK GLOWNIC27 Facial Beauty Device (sold separately). When used together, the device enhances ingredient absorption for visibly boosted hydration and elasticity 
 Show More 
<div class=""","Step 1: Apply (The Base)
 After cleansing and toning, apply a generous amount of Vita Collagen Serum to your face and neck. Do not rub it in completely yet; leave the skin slightly moist to help the device glide.
Step 2: Boost (The Synergistic Magic)
 Turn on your Glownic27 Device to ""Booster"" or ""Microcurrent"" Mode. Gently glide the device over your skin in upward, lifting motions.
Why it works: The device's electroporation technology opens temporary channels in the skin, allowing the Retinol and Collagen to penetrate deeper than hands alone.
Step 3: Lift & Sculpt
 Focus on areas of concern such as the jawline, smile lines, and forehead. Hold the device for 2-3 seconds at the end of each swipe to stimulate facial muscles for a tighter, lifted look.
Step 4: Finish
 Once the serum is fully absorbed and your skin feels tacky/plump, finish with a moisturizer to lock in the hydration and active ingredients.
 Show More","FACE, Face & Body Care, Face & Body Care Main, K-Beauty Bestsellers, Kiss New York, Kiss New York Serums, KNY K-Beauty Series, Skincare",kiss-new-york-vita-hydra-serum-5-hyaluronic-acid-ceramide-barrier-repair
MCSNY PhytoVita™ All-in-One Hydro Cream,,,,,https://ivyusa.com/products/mcsny-phytovita%E2%84%A2-all-in-one-hydro-cream,,"Melanin Deserves Better. Enhance your natural beauty with the MCSNY PhytoVita™ All-in-One Hydro Cream. Designed for melanin-rich skin, this quick and easy hydrator addresses dehydration, uneven tone, and rough texture all at once.
 • Camera-Ready Glow in One Step: A fast-absorbing, multitasking hydro-gel cream that delivers a radiant, dewy, and glass-like glow without the fuss.
 • Customized for Melanin-Rich Skin: Specifically formulated to deeply hydrate, smooth rough textures, and promote a clear, even-looking skin tone.
 • Powered by PhytoVita™ System: An exclusive, high-efficacy blend of soothing herbs (Licorice, Calendula, Aloe Vera) and revitalizing vitamins (Niacinamide, B5, Vitamin C & E) to nourish and clarify.
 • Ultimate Plumping Synergy: Infused with Hyaluronic Acid and Hydrolyzed Collagen to draw in deep moisture and visibly firm the skin, leaving it supple and hydrated all day.
 • Lightweight & Non-Sticky: The water-bursting texture absorbs instantly. It's the perfect day and night drenching hydrator that sits flawlessly under makeup.
 Show More 
<div class=""","Apply an appropriate amount evenly to the face and neck at the last step of your skincare routine. Pat gently for maximum absorption.
 Show More 
<div class=""",,mcsny-phytovita™-all-in-one-hydro-cream
Hersteller Nearby Scented Balm (Solid Perfume) 3g,HERSTELLER,K-BEAUTY SKINCARE,HER06,17.99,https://ivyusa.com/products/hersteller-nearby-scented-balm-solid-perfume-3g,https://cdn.shopify.com/s/files/1/0605/4392/6331/files/product_image_1_9d61ef18-6ad9-4bab-8ab1-baf37ac0bdb1.jpg?v=1783371146,"Step away from the noise and immerse yourself in the tranquil embrace of nature. Meet your new go-to fragrance essential—the hersteller NEARBY Scented Balm collection. Formulated without harsh alcohol, these premium solid perfumes melt seamlessly into your skin, providing a subtle yet long-lasting fragrance wherever your day takes you. Discover your signature mood from our three nature-inspired scents.
 • The Perfect Travel Companion: The compact 3g tin fits effortlessly into any pocket, purse, or carry-on bag. It’s 100% TSA-friendly, spill-proof, and shatter-proof.
 • Alcohol-Free & Gentle: Experience pure fragrance without the stinging or drying effects of traditional alcohol-based sprays. Safe and gentle for sensitive skin.
 • Intimate & Long-Lasting: Activated by your natural body heat, this perfume balm creates a personalized scent bubble that stays close to you and releases slowly throughout the day.
 • Nourishing Skincare Base: True to hersteller's skincare philosophy, it is blended with skin-loving ingredients that leave your skin feeling moisturized and smooth, never sticky.
 Show More 
<div class=""","Step 1. Warm & Melt
 Gently swirl your fingertips over the surface of the balm. Your natural body heat will easily melt the wax into a smooth, silky texture.
Step 2. Apply to Pulse Points
 Dab the melted balm directly onto your pulse points—wrists, inner elbows, neck, and behind the ears.
Step 3. Reapply on the Go
 Pop it in your pocket or bag. Since it is 100% alcohol-free, you can reapply as often as you like without the scent ever becoming overpowering.
✨ Pro Tips
• Layer for a Custom Scent: Mix and match different scents (e.g., Eternal Grove on your wrists and Still A Rose on your neck) to create a personalized fragrance that is uniquely yours.
• Nourish Your Hair Ends: Lightly rub any remaining balm on your fingertips onto the dry ends of your hair. It helps tame frizz while leaving a subtle, lingering trail of scent as you move.
• Dry Skin Savior: Thanks to the nourishing base of Shea Butter and natural oils, it doubles as a quick, on-the-go moisturizer for dry cuticles or rough patches!
 Show More 
<div class=""","Anti-Aging & Firming, Bridal Party Gifts, CLEAN & CARE, Early Holiday Gift Pick, Featured / New, K-Beauty Bestsellers, K-BEAUTY SKINCARE, Mask & Cleanser, new, Over $29.98, Pores & Oil Control, Skincare, Trending Now",hersteller-nearby-scented-balm-solid-perfume-3g
Hersteller Wonder Veggie Hydrating Gel Cream,HERSTELLER,K-BEAUTY SKINCARE,HER05,19.99,https://ivyusa.com/products/hersteller-wonder-veggie-hydrating-gel-cream,https://cdn.shopify.com/s/files/1/0605/4392/6331/files/product_image_1_291f9d89-636e-49b7-8e0b-31a03e4d8c7f.jpg?v=1782412682,"Experience the ultimate thirst-quencher for your skin. The Hersteller Wonder Veggie Hydrating Gel Cream is a premium vegan gel cream that helps soothe, cool down, and deeply replenish moisture without any heavy or sticky feeling.
 • Intense 24H Moisture: Deeply hydrates and locks in moisture for up to 24 hours with a fast-absorbing, oil-free formula.
 • instant Cooling Effect: Clinically proven to instantly decrease skin temperature by -7°C, rapidly soothing heated and irritated skin.
 • Pre-Makeup Canvas: The bouncy, liquid crystal gel texture absorbs without stickiness, improving makeup adherence by +53.81%.
 • Green Superfood Power: Packed with Kale, Basil Extract, Peptides, and Effipulp® to enhance skin elasticity and protect the skin barrier.
 • Go Vegan & Clean: Officially certified by eve VEGAN® and cert CLEAN, featuring eco-friendly and sustainable packaging.
 Show More 
<div class=""",,"Anti-Aging & Firming, Bridal Party Gifts, CLEAN & CARE, Early Holiday Gift Pick, Featured / New, K-Beauty Bestsellers, K-BEAUTY SKINCARE, Mask & Cleanser, Over $29.98, Pores & Oil Control, Skincare, Trending Now",hersteller-wonder-veggie-hydrating-gel-cream
Hersteller Wonder Veggie Balancing Cleansing Foam,HERSTELLER,K-BEAUTY SKINCARE,HER03,11.99,https://ivyusa.com/products/hersteller-wonder-veggie-balancing-cleansing-foam,https://cdn.shopify.com/s/files/1/0605/4392/6331/files/product_image_1_c034b1e0-ae8f-4585-a6ed-db773ee2fca6.jpg?v=1782404704,"Experience a refreshing cleanse that respects your skin's natural balance. The Hersteller Wonder Veggie Balancing Cleansing Foam is a clarifying vegan cleanser that thoroughly removes impurities from the skin and deep within the pores, without ever leaving that uncomfortable, tight feeling behind.
 • Low Irritation: Formulated with skin-friendly, coconut-derived natural surfactants to protect your skin barrier while washing.
 • Superfood Energy: Packed with green superfoods like Kale, Broccoli, Noni, and Lime for ultimate skin vitality.
 • Dense Creamy Lather: Creates a soft, rich bubble foam that minimizes friction-induced irritation.
 • Moisture Without Tightness: Leaves your face feeling perfectly refreshed, hydrated, and comfortable after every wash.
 • 100% Vegan Recipe: A clarifying, gentle cleansing formula gifted directly from nature.
 Show More 
<div class=""","Dispense a suitable amount onto wet hands and lather well to create dense bubbles. Gently massage the foam over your entire face, then rinse thoroughly with lukewarm water.
 Show More 
<div class=""","Anti-Aging & Firming, Bridal Party Gifts, CLEAN & CARE, Early Holiday Gift Pick, Featured / New, K-Beauty Bestsellers, K-BEAUTY SKINCARE, Mask & Cleanser, Over $29.98, Pores & Oil Control, Skincare, Trending Now",hersteller-wonder-veggie-balancing-cleansing-foam
HERSTELLER Little Drops Hi-light Ampoule,HERSTELLER,K-BEAUTY SKINCARE,HER01,20.99,https://ivyusa.com/products/hersteller-little-drops-hi-light-ampoule,https://cdn.shopify.com/s/files/1/0605/4392/6331/files/product_image_1.jpg?v=1782324469,"Hersteller's brightening ampoule with 5% niacinamide, hyaluronic acid & daisy extract. Boosts radiance 17% in 4 weeks. Gentle for sensitive skin. K-beauty glow serum.
 • Clinically Proven Radiance Boost — Skin radiance increased by 17% and skin tone improved by 1.53% in just 4 weeks of daily use, backed by measured results
 • 5% Niacinamide + Ultra-Low Molecular Hyaluronic Acid — Powerful brightening actives work together to reduce dullness, even skin tone, and deliver deep, lasting hydration at every skin layer
 • Triple Flower Blossom Essence — Formulated with Daisy, Evening Primrose, and Pear Flower extracts to naturally illuminate and tone skin with gentle botanical brightening
 • Sensitive Skin–Safe with Super Centella™ — Contains a soothing complex of Madecassic Acid, Asiatic Acid, Asiaticoside, and Madecassoside plus Panthenol to calm and protect reactive skin
 • Lightweight, Water-Drop Texture — Absorbs instantly without stickiness; suitable as a daily brightening step in any skincare routine, AM or PM
 Show More 
<div class=""","Apply a few drops to the entire face after cleansing and toning. Gently pat into skin until absorbed. Use morning and/or evening. Follow with moisturizer or SPF.
 Show More 
<div class=""","Anti-Aging & Firming, Arocell, Bridal Party Gifts, Early Holiday Gift Pick, Featured / New, K-Beauty Bestsellers, K-BEAUTY SKINCARE, Mask & Cleanser, Over $29.98, Pores & Oil Control, Skincare, Trending Now",hersteller-little-drops-hi-light-ampoule
FROM ZERO EX-PDRN Glow Serum with Double Capsules,FROM ZERO,K-BEAUTY SKINCARE,FRM02,26.99,https://ivyusa.com/products/from-zero-ex-pdrn-glow-serum-with-double-capsules,https://cdn.shopify.com/s/files/1/0605/4392/6331/files/FRM02_ProductDetailPage_01-2.jpg?v=1782316327,"Meet the FROM ZERO EX-PDRN GLOW SERUM, featuring innovative Red x Green Double Capsules for a crystal-like, deep layering glow. Designed to transform tired, uneven, and lackluster skin into a refreshed and luminous complexion.
 • Double Up Your Glow: Experience next-gen K-Beauty tech with our unique Red x Green Double Capsules. This innovative formula delivers a crystal-like, deep layering glow for all-day hydration and refresh. Say goodbye to dullness and infuse your skin with dewy pink hydration to turn tired, uneven skin into a refreshed, luminous complexion.
 • Layered Glow Blend (Exosome-PDRN): Powered by a potent biotech blend featuring Broccoli PDRN for balanced, healthy-looking skin and Ginseng Exosomes for a revitalizing boost and daily defense. Enhanced with Crystal Ceramide for radiance and barrier care, plus 3X Plant-derived Collagen for a dewy glow and layered care.
 • Zero Stickiness, Full Glow: Enjoy feather-light comfort with weightless, deep hydration that nourishes your skin. Our fast-absorbing formula instantly penetrates for a lit-from-within radiance, leaving absolutely zero sticky residue.
 • Supersized 3.38 Fl. Oz. Value: Running out too fast? Give your skin more to love. Our generous 3.38 fl. oz. (100ml) bottle gives you 3.33x the amount of standard 1.01 fl. oz. (30ml) serums. This jumbo size lets you layer freely for the ultimate glow.
 • Naturally Tinted Premium Skincare: This serum gets its soft pink color from natural Vitamin B12. While the shade may gently fade in light over time, don't worry—its powerful effectiveness stays just the same. Formulated with Niacinamide and Lotus Flower Water for a bright, even skin tone.
 Show More 
<div class=""","STEP 1: Apply a few drops of EX-PDRN Glow Serum directly to the face.
Tip: Control the amount by adjusting pressure on the container—no need to use the back of your hand.
STEP 2: Gently massage in circular motions over face and neck until absorbed.
Tip: Reapply on dry areas—layers hydrate deeply without stickiness.
 Show More 
<div class=""","Anti-Aging & Firming, Bridal Party Gifts, Dryness & Dehydration, Early Holiday Gift Pick, Featured / New, K-Beauty Bestsellers, K-Beauty Collagen, K-Beauty Hyaluronic, K-BEAUTY SKINCARE, New Arrivals, Skincare, SOBASE, Trending Now",from-zero-ex-pdrn-glow-serum-with-double-capsules
"Skymilk Plant Oil Ointment - Sherbet-Textured Donkey Milk Balm with Castor & Sunflower Seed Oil, 100-Hour Moisture & Irritation Relief for Baby & Sensitive Skin (15g)",SKYMILK,,SKY04,26.00,https://ivyusa.com/products/skymilk-plant-oil-ointment-sherbet-textured-donkey-milk-balm,https://cdn.shopify.com/s/files/1/0605/4392/6331/files/skymilk-sky04-plant-oil-ointment-2.jpg?v=1781460751,"Ultimate Moisture Defense for Delicate Skin Protect, soothe, and nourish your skin with the SKYMILK OINTMENT. Packaged in a compact 15G tube, this targeted balm Contains Donkey Milk and a potent blend of Plant-Derived Oil. The intensive formula is packed with RICINUS COMMUNIS (CASTOR) SEED OIL 663,375ppm and HELIANTHUS ANNUUS (SUNFLOWER) SEED OIL 99,999.999ppm to deliver unparalleled care for dry and irritated patches.
 • Deep Hydration Lasting 100 Hrs: This product provides 100 Hrs of Long-Lasting Moisture. It forms a Sherbet-Textured Plant-Derived Oil Moisture Barrier that serves as an Ultimate Moisture Defense lasting 100 Hours. Clinical tests show skin hydration improved by 23.7% initially and skin hydration improved by 10.5% even after 100 Hours.
 • Soothes Skin Irritation: The formula effectively Soothes Skin Irritation. Overall skin irritation soothed by 76.9%. Specifically, physical irritation soothed by 50.2%, and chemical irritation soothed by 76.9%.
 • High-Concentration Plant-Derived Oil: The ointment is crafted with a powerful blend of Plant-Derived Oil. It contains RICINUS COMMUNIS (CASTOR) SEED OIL 663,375ppm. It also features HELIANTHUS ANNUUS (SUNFLOWER) SEED OIL 99,999.999ppm.
 • Non-Sticky & Comforting Texture: Despite its rich formulation, it features a unique Sherbet-Textured finish. It's non-sticky and moisturizing, offering comfort even for sensitive skin.
 • Nourishing Donkey Milk Formula: The SKYMILK OINTMENT is conveniently packaged in a 15G tube for targeted application. The gentle formula Contains Donkey Milk to provide deep nourishment and barrier support for delicate areas.
 Show More",,"Face & Body Care, Face & Body Care Main, K-BEAUTY, K-Beauty Bestsellers, K-BEAUTY SKINCARE",skymilk-plant-oil-ointment-sherbet-textured-donkey-milk-balm
"Skymilk Panthenol Cream - Deep Hydration Baby Moisturizer with 50,000ppm Panthenol & Donkey Milk, Relieves Dry Skin Itchiness (120ml)",SKYMILK,,SKY02,36.00,https://ivyusa.com/products/skymilk-panthenol-cream-deep-hydration-baby-moisturizer,https://cdn.shopify.com/s/files/1/0605/4392/6331/files/skymilk-sky02-panthenol-cream-2.jpg?v=1781459482,"Discover the Power of Panthenol Experience ultimate relief for dry, itchy skin with the Skymilk Cream. Packaged in a convenient 120ml tube, this advanced formula is crafted with 50,000ppm of Panthenol and 50,000ppm of DKMEX, which contains premium donkey milk. Once Panthenol is absorbed into the body, it converts to vitamin B5, attracting moisture and aiding in skin soothing and hydration.
 • Formulated With 50,000ppm Panthenol: Once Panthenol is absorbed into the body, it converts to vitamin B5. This process attracts moisture, aiding in skin soothing and hydration.
 • Relieves Dry Skin Itchiness: The formula provides deep hydration, effectively reducing dryness-related itchiness by 58%. It is specifically designed to relieve dry skin itchiness.
 • Smooth Application & Non-Sticky: The cream applies smoothly, offering immediate comfort. It leaves the skin feeling comfortable without any stiffness or stickiness. It also features rapid absorption for everyday convenience.
 • Gentle On The Skin & Safe: Skymilk promises gentle care and proven safety. It is non-irritation assessed by the SkinMed Clinical Trial Center. Furthermore, 26 types of allergen were not detected in tests conducted by the OATC Bio Lab.
 • Enriched With Donkey Milk: This generous 120ml cream contains 50,000ppm of DKMEX, featuring nourishing donkey milk. The rich formula supports metabolism, enhances skin radiance, and soothes the skin.
 Show More",,"Face & Body Care, Face & Body Care Main, K-BEAUTY, K-Beauty Bestsellers, K-BEAUTY SKINCARE",skymilk-panthenol-cream-deep-hydration-baby-moisturizer
"JMsolution Teatree Trouble Clear Toner Pads - Acne & Sebum Care, Non-Comedogenic, OEKO-TEX Certified, 100 Pads",JM solution,Skin Care Masks & Peels,JMS18,25.74,https://ivyusa.com/products/jmsolution-teatree-trouble-clear-toner-pads-acne-sebum-care,https://cdn.shopify.com/s/files/1/0605/4392/6331/files/JMSolution-JMS18-TEATREE-TROUBLE-CLEAR-TONER-PADS-1.jpg?v=1780967443,"Comfort and calm irritated, angry skin with the JMsolution Teatree Trouble Clear Toner Pads. Specially formulated for acne-prone and sensitive skin, these dermatologist and non-comedogenic tested pads help reduce excessive sebum and soothe skin damaged by heat irritation. Infused with a Triple Tea Tree Complex, Tea Tree Leaf Oil, and Cypress Water, they deliver refreshing, lightweight moisture. Each OEKO-TEX Standard 100 certified gauze tencel pad gently adheres to the skin for safe, effective, and closely-fitted soothing care.
 • Advanced trouble & sebum care: Proven to improve excessive oil production and soothe damaged skin. This makes it highly effective for calming angry, trouble-prone complexions.
 • 4-Layer teatree soothing formula: Enriched with a Triple Tea Tree Complex and Melaleuca Alternifolia (Tea Tree) Leaf Oil to comfortably calm irritated skin. It provides refreshing moisture with the addition of Cypress Water.
 • OEKO-TEX certified tencel pads: Features ultra-soft, premium gauze tencel fabric that is globally certified for safety. This ensures it securely and comfortably adheres to the skin for targeted relief.
 • Acne-prone & sensitive skin safe: Completed non-comedogenic and sensitive skin irritation tests. The formula is officially deemed suitable for acne-prone skin and helps minimize transepidermal water loss.
 • High-capacity daily soothing: Comes with 100 gentle pads generously soaked in 170 ml (5.74 fl. oz.) of lightweight, hydrating essence for long-lasting use.
 Show More",,"Face & Body Care, Face & Body Care Main, K-BEAUTY, K-Beauty Bestsellers, K-BEAUTY SKINCARE, Sweatproof Summer Picks",jmsolution-teatree-trouble-clear-toner-pads-acne-sebum-care
"JMsolution Collagen PDRN Firming Toner Pads - Dual Elasticity & Volume, 9 Types of Collagen, Vegan-Certified, 100 Pads",JM solution,Skin Care Masks & Peels,JMS16,25.74,https://ivyusa.com/products/jmsolution-collagen-pdrn-firming-toner-pads-dual-elasticity-volume,https://cdn.shopify.com/s/files/1/0605/4392/6331/files/JMSolution-JMS16-COLLAGEN-PDRN-FIRMING-TONER-PADS-1.jpg?v=1780966545,"Rejuvenate and tighten sagging skin with the JMsolution Collagen PDRN Firming Toner Pads. Formulated with 9 types of Collagen and salmon-derived PDRN, these dermatologist-tested pads deliver a powerful dual-firming effect that targets both the inner and outer layers of the skin. Clinically tested to improve skin elasticity and enhance facial volume around the eyes, cheeks, and nasolabial folds, they provide a radiant, bouncy glow. Crafted with ultra-adhering, vegan-certified air tencel fabric, each hole-type pad is drenched in a rich essence to perfectly hug your skin for targeted anti-aging care.
 • Dual firming complex: Formulated with 9 different molecular weights of collagen and salmon-derived PDRN to tightly secure, lift, and rejuvenate sagging skin from the inside out.
 • Clinically tested volume & elasticity: Proven to improve both inner and outer skin elasticity while visibly enhancing facial volume around the eyes, cheeks, and smile lines.
 • Ultra-adhering air tencel pads: Features a vegan-certified, hole-type air tencel fabric designed to hold an abundance of firming essence and perfectly adhere to the skin for close, targeted care.
 • Dermatologist & sensitive skin approved: Completed sensitive skin irritation tests and officially recognized as a wrinkle-improvement functional cosmetic for safe, daily use.
 • High-capacity firming care: Contains 100 premium pads generously soaked in 170 ml (5.74 fl. oz.) of bouncy, elasticity-boosting toner essence.
 Show More",,"Face & Body Care, Face & Body Care Main, K-BEAUTY, K-Beauty Bestsellers, K-BEAUTY SKINCARE, Sweatproof Summer Picks",jmsolution-collagen-pdrn-firming-toner-pads-dual-elasticity-volume
JMsolution Honey Luminous Royal Propolis Mask Plus Black | Propolis & Royal Jelly Extract | Radiant Glow & Deep Moisture | 10 Sheets (1.01 fl.oz x 10),JM solution,Skin Care Masks & Peels,JMS11,26.26,https://ivyusa.com/products/jmsolution-honey-luminous-royal-propolis-mask-plus-black,https://cdn.shopify.com/s/files/1/0605/4392/6331/files/JMSolution-JMS11-HONEY-LUMINOUS-ROYAL-PROPOLIS-MASK-PLUS-6.jpg?v=1780586564,"Achieve a Flawless, Honey-Glazed Glow with JMsolution Honey Luminous Royal Propolis Mask Plus. Revitalize dull, tired, and dehydrated skin with the ultimate glowing treatment. The upgraded JMsolution Honey Luminous Royal Propolis Mask Plus (Black) provides an intensive burst of vitality and moisture. This luxurious treatment comes in a generous 10-sheet set, with each mask soaked in 30ml (1.01 fl. oz.) of a rich, honey-infused ampoule.
 • Premium Propolis Extraction: Formulated with carefully selected Propolis Extract to deliver rich vitality, deep nourishment, and antioxidant benefits, promoting a noticeably radiant and healthy complexion.
 • Intense Honey Moisture: Infused with a potent blend of Honey Extract and Royal Jelly Extract to maximize the moisturizing effect, instantly transforming dry, rough skin into a smooth, plump, and supple texture.
 • Glow Synergy Effect: The upgraded, deeply concentrated essence works in perfect harmony with the high-quality sheet to lock in hydration, preventing evaporation and delivering a signature ""honey luminous"" glass-skin glow.
 • Abundant Hydrating Essence: Each individual mask is packed with 30ml (1.01 fl. oz.) of nutrient-rich essence, ensuring your face is thoroughly hydrated with plenty of luxurious serum left over to nourish your neck, décolletage, and arms.
 • Advanced Peptide Complex: Enriched with a powerful Multi-Peptide Complex (including Copper Tripeptide-1 and Acetyl Hexapeptide-8) and multiple layers of Hyaluronic Acid to help improve skin elasticity and smooth fine lines.
 Show More 
<div class=""",,"Face & Body Care, Face & Body Care Main, K-BEAUTY, K-Beauty Bestsellers, K-BEAUTY SKINCARE, Mask Sheet, Sweatproof Summer Picks",jmsolution-honey-luminous-royal-propolis-mask-plus-black
JMsolution Water Luminous S.O.S Ringer Mask Plus Black | High Adhesive Cellulose Sheet | Intensive Moisture & Soothing Relief | 10 Sheets (1.18 fl.oz x 10),JM solution,Skin Care Masks & Peels,JMS10,26.26,https://ivyusa.com/products/jmsolution-water-luminous-s-o-s-ringer-mask-plus-black,https://cdn.shopify.com/s/files/1/0605/4392/6331/files/JMSolution-JMS10-WATER-LUMINOUS-S.O.S-RINGER-MASK-PLUS-6.jpg?v=1780585906,"Rescue Dry, Thirsty Skin with JMsolution Water Luminous S.O.S Ringer Mask Plus. Is your skin feeling desperately dry, tight, or irritated by the elements? Give your complexion an emergency hydration infusion with the JMsolution Water Luminous S.O.S Ringer Mask Plus (Black). This intensive treatment comes in a generous 10-sheet set, engineered to fully moisturize and comfortably soothe your skin.
 • S.O.S Intensive Moist Charging: Delivers an immediate, powerful surge of moisture energy directly to dry, dull, and dehydrated skin. This upgraded ""Ringer Plus"" formula ensures your complexion is fully hydrated and luminous from the inside out.
 • High Adhesive Cellulose Sheet: Crafted from a premium, highly elaborating cellulose material that seamlessly adheres to every contour of your face like a second skin. This tight fit locks in the essence, preventing evaporation and maximizing absorption.
 • Soothing Hydration Barrier: Instantly relieves and comforts irritated skin caused by harsh external environmental stressors. It actively helps to build up and reinforce your skin's natural moisture barrier for long-lasting, comfortable relief.
 • Abundant Hydrating Essence: Each mask is generously soaked in an incredible 35ml (1.18 fl. oz.) of a rich, deeply nourishing essence. That is more than a standard full-size bottle of serum in a single sheet, ensuring your skin is completely drenched in hydration.
 • Advanced Peptide & Hyaluronic Care: Formulated with multiple layers of Hyaluronic Acid, Niacinamide, and a Multi-Peptide Complex (including Copper Tripeptide-1 and Acetyl Hexapeptide-8). It not only quenches thirsty skin but also helps improve skin tone and smooth fine lines.
 Show More 
<div class=""",,"Face & Body Care, Face & Body Care Main, K-BEAUTY, K-Beauty Bestsellers, K-BEAUTY SKINCARE, Mask Sheet, Sweatproof Summer Picks",jmsolution-water-luminous-s-o-s-ringer-mask-plus-black
JMsolution Bio-Vita Duo Brightening Mask | Melting Hydrogel Sheet | Niacinamide & 11 Vitamins | Overnight Radiant Glow | 4 Sheets (1.19 oz x 4),JM solution,Skin Care Masks & Peels,JMS09,31.98,https://ivyusa.com/products/jmsolution-bio-vita-duo-brightening-mask,https://cdn.shopify.com/s/files/1/0605/4392/6331/files/JMSolution-JMS09-BIO-VITA-DUO-BRIGHTENING-MASK_34g_4EA-1.jpg?v=1780585449,"Wake Up to a Luminous, Even-Toned Complexion with JMsolution Bio-Vita Duo Brightening Mask. Banish dull, tired-looking skin and reveal your natural radiance. The JMsolution Bio-Vita Duo Brightening Mask is a premium hydrogel treatment designed to deliver unparalleled brightening and moisture balance. This luxurious set contains 4 heavy-weight masks, each packed with 34g (1.19 oz) of a solidified vitamin-rich ampoule.
 • Niacinamide & Vitamin Brightening Synergy: Formulated with a potent dose of Niacinamide (20,000 ppm) and 11 vitamin-derived ingredients. This powerful combination works synergistically to target dullness, boost skin vitality, and promote a visibly healthier, more even-toned complexion.
 • Advanced Melting Hydrogel Sheet: Experience 34g of a highly concentrated brightening ampoule solidified into a premium, soft hydrogel mask. As it deeply hydrates and nourishes, the bouncy sheet actively melts into your skin and becomes transparent, signaling full absorption.
 • Overnight Radiance & Dewy Glow: Designed for long-lasting wear. For the most remarkable results, use this intensive toning treatment as a sleeping pack or leave it on for over 3 hours to ensure your skin fully absorbs the active ingredients, waking up to a luminous, glass-skin glow.
 • Intense Skin Conditioning: Enriched with a specialized blend of Lactobacillus Ferment Lysate and antioxidant-rich Sea Buckthorn (Hippophae Rhamnoides) Fruit Extract. This gentle formula balances the skin's natural condition while delivering targeted brightening care.
 • 3 Billion Masks Sold Worldwide: Trust the experts in K-Beauty. JMsolution has reached an incredible milestone of over 3 billion masks sold over 8 years. Experience globally loved, premium skincare made in Korea.
 Show More 
<div class=""",,"Face & Body Care, Face & Body Care Main, K-BEAUTY, K-Beauty Bestsellers, K-BEAUTY SKINCARE, Mask Sheet, Sweatproof Summer Picks",jmsolution-bio-vita-duo-brightening-mask
JMsolution Bio-Cica Made Calming Mask | Melting Hydrogel Sheet | 7-Cica Complex & Allantoin | Overnight Soothing Relief | 4 Sheets (1.19 oz x 4),JM solution,Skin Care Masks & Peels,JMS08,31.98,https://ivyusa.com/products/jmsolution-bio-cica-made-calming-mask,https://cdn.shopify.com/s/files/1/0605/4392/6331/files/JMSolution-JMS08-BIO-CICA-MADE-CALMING-MASK_34g_4EA-1.jpg?v=1780584900,"Soothe and Balance Sensitive Skin with JMsolution Bio-Cica Made Calming Mask. Relieve redness and irritation with the ultimate comforting treatment for stressed skin. The JMsolution Bio-Cica Made Calming Mask is a premium hydrogel treatment designed to deliver unparalleled soothing relief and moisture balance. This luxurious set contains 4 heavy-weight masks, each packed with 34g (1.19 oz) of a solidified calming ampoule.
 • Ultimate Calming Synergy: Infused with a powerful, soothing blend of 7 types of Cica (Centella Asiatica) and Allantoin. It instantly comforts and relieves redness, providing intensive care for sensitive, fatigued, and irritated skin.
 • Advanced Melting Hydrogel Sheet: Experience 34g of a highly concentrated soothing ampoule solidified into a premium, soft hydrogel mask. As it deeply hydrates, the bouncy sheet actively melts into your skin and becomes transparent, signaling full absorption.
 • Overnight Relief & Balancing: Designed for long-lasting wear. For the most remarkable results, use this intensive calming treatment as a sleeping pack or leave it on for over 3 hours to ensure your skin fully absorbs the active ingredients, leaving it perfectly balanced.
 • Intensive Skin Conditioning: Formulated with a specialized blend of Lactobacillus Ferment Lysate, a 3-Tea Tree Complex, and Gluconolactone (PHA). This gentle formula mildly exfoliates while balancing the skin's natural moisture condition for a clear, healthy complexion.
 • 3 Billion Masks Sold Worldwide: Trust the experts in K-Beauty. JMsolution has reached an incredible milestone of over 3 billion masks sold over 8 years. Experience globally loved, premium skincare made in Korea.
 Show More 
<div class=""",,"Face & Body Care, Face & Body Care Main, K-BEAUTY, K-Beauty Bestsellers, K-BEAUTY SKINCARE, Mask Sheet, Sweatproof Summer Picks",jmsolution-bio-cica-made-calming-mask
JMsolution Bio-Collagen PDRN Firming Mask | Melting Hydrogel Sheet | Ultra-Low Molecular Collagen & Peptides | Overnight Radiance Care | 4 Sheets (1.19 oz x 4),JM solution,,JMS06,31.98,https://ivyusa.com/products/jmsolution-bio-collagen-pdrn-firming-mask,https://cdn.shopify.com/s/files/1/0605/4392/6331/files/JMSolution-JMS06-BIO-COLLAGEN-PDRN-FIRMING-MASK_34g_4EA-1.jpg?v=1780433043,"Achieve a Smooth, Firm, and Radiant Complexion with JMsolution Bio-Collagen PDRN Firming Mask. Elevate your skincare routine with the ultimate intensive treatment for sagging, lackluster skin. The JMsolution Bio-Collagen PDRN Firming Mask is a premium hydrogel treatment designed to deliver unparalleled elasticity and glow. This luxurious set contains 4 heavy-weight masks, each packed with 34g (1.19 oz) of solidified ampoule.
 • Ultra-Low Molecular Collagen & PDRN: Formulated with a powerful firming synergy of 300Da ultra-low molecular collagen and salmon-derived PDRN. This advanced blend deeply penetrates sagging skin to deliver intense bounce, elasticity, and a refined appearance.
 • Advanced Melting Hydrogel Sheet: Experience 34g of a highly concentrated firming ampoule solidified into a premium hydrogel mask. As it deeply nourishes, the bouncy sheet actively melts into your skin and becomes transparent, signaling full absorption.
 • Overnight Radiance & Bounce: Designed for long-lasting wear. For the most remarkable results, use this intensive treatment as a sleeping pack or leave it on for over 3 hours to ensure your skin fully absorbs the active ingredients.
 • Intense Skin Conditioning: Infused with a potent blend of Lactobacillus Ferment Lysate, Hydrolyzed Elastin, and 7 Multi-peptides. This complex delicately balances the skin's condition, providing targeted care for a smooth and radiant complexion.
 • 3 Billion Masks Sold Worldwide: Trust the experts in K-Beauty. JMsolution has reached an incredible milestone of over 3 billion masks sold over 8 years. Experience globally loved, premium skincare made in Korea.
 Show More 
<div class=""",,"Face & Body Care, Face & Body Care Main, K-BEAUTY, K-Beauty Bestsellers, K-BEAUTY SKINCARE, Mask Sheet, Sweatproof Summer Picks",jmsolution-bio-collagen-pdrn-firming-mask
JMsolution Be Nature Aloe & Soothing Mask | Vegan Certified Sheet | Intense Hydration & Calming Care | 10 Sheets (0.81 fl.oz x 10),JM solution,,JMS05,14.82,https://ivyusa.com/products/jmsolution-be-nature-aloe-soothing-mask,https://cdn.shopify.com/s/files/1/0605/4392/6331/files/JMSolution-JMS05-BE-NATURE-ALOE-_-SOOTHING-MASK-10.jpg?v=1780432509,"Calm and Hydrate with JMsolution Be Nature Aloe & Soothing Mask. Is your skin feeling heated, irritated, or desperately dry? Quench and comfort your complexion with the JMsolution Be Nature Aloe & Soothing Mask. This refreshing treatment comes in a convenient 10-sheet set, with each mask fully saturated in 24ml (0.81 fl. oz.) of a cooling, highly concentrated essence.
 • Intense Soothing & Hydration: Formulated with premium Aloe Barbadensis Leaf Extract to instantly calm irritated, sun-exposed, or sensitive skin while delivering a deep, cooling surge of moisture to dry areas.
 • Advanced Moisture Layering: Features a powerful hydrating blend of 9 types of Hyaluronic Acid, Aquaxyl, and Peppermint Extract to lock in moisture layer by layer, ensuring long-lasting, dewy skin with a refreshing finish.
 • Patented Refreshing Formula: Enriched with ""PhytoIN Refresh Complex,"" a specialized, research-backed patented ingredient designed to deeply moisturize, condition, and revitalize tired, stressed skin.
 • Anti-Aging Functional Care: Certified as a functional cosmetic for wrinkle improvement. It not only soothes and deeply hydrates but also helps smooth fine lines to promote a firmer, more youthful complexion.
 • Vegan-Certified Eco Sheet: Dermatologist-tested for sensitive skin, this ultra-soft, vegan-certified fabric adheres seamlessly to your facial contours. It ensures maximum absorption of the calming essence without causing any irritation.
 Show More 
<div class=""",,"Face & Body Care, Face & Body Care Main, K-BEAUTY, K-Beauty Bestsellers, K-BEAUTY SKINCARE, Mask Sheet, Sweatproof Summer Picks",jmsolution-be-nature-aloe-soothing-mask
LAGOM Cellus Revive Essence Toner 200ml - Anti-Aging Face Toner with Peptides & Adenosine - Deep Hydrating Korean Essence for Firming & Wrinkle Care - 6.76 fl.oz.,LAGOM,,LAG05,19.99,https://ivyusa.com/products/lagom-cellus-revive-essence-toner-200m,https://cdn.shopify.com/s/files/1/0605/4392/6331/files/lagom-lag05-lagom-cellus-revive-essence-toner-4.webp?v=1775765618,"LAGOM Cellus Revive Essence Toner is an all-in-one ""Multi-Charging Solution"" that delivers firmness, hydration, and nourishment in a single bottle. This essence-type toner is clinically proven to improve skin elasticity and moisture levels, making it an essential first step for any anti-aging routine.
 • Triple Action Revitalization: A comprehensive formula that provides deep hydration, rich nourishment, and visible firming care to tired, aging skin.
 • Advanced Aquaporin Activation: Featuring patented Aqualicia™ technology, it activates the skin’s water channels (aquaporins) to deliver and retain moisture deep within the skin barrier, rather than just providing temporary surface hydration.
 • Elasticity & Wrinkle Care: Infused with Adenosine and Palmitoyl Tripeptide-5 to support collagen synthesis and production, helping to smooth fine lines and improve skin density.
 • High Consumer Satisfaction: Rated 99% for texture and 96% for hydration by Hwahae users. 94% of participants reported improved makeup adherence and long-lasting moisture.
 • Zero-Irritation Formula: Clinically tested with a 0.00 skin irritation index. Safe and gentle for sensitive, dry, and rough skin types.
 Skin Type Compatibility
 • Aging Skin (Showing early signs of fine lines and loss of firmness)
 • Dehydrated Skin (Experiencing inner tightness and dryness)
 • Sensitive & Rough Skin (Needing gentle, nutrient-rich care)
 • Unbalanced Skin (Requiring an oil-moisture level reset)
 Show More 
<div class=""","• Daily Routine: After cleansing, apply an appropriate amount to the face and neck. Layer once or twice for extra hydration throughout the day.
• Toner Mask: Soak cotton pads with the essence toner and place them on dry areas for 5-10 minutes as a quick moisturizing boost.
• Pro Tip: Its nutrient-dense texture improves makeup adherence, preventing flakiness for a smooth, glowing base.
 Show More","Face & Body Care, Face & Body Care Main, K-BEAUTY, K-Beauty Bestsellers, K-BEAUTY SKINCARE",lagom-cellus-revive-essence-toner-200m
"LAGOM Cellus Mild Moisture Cream - Gentle Barrier Repair Face Moisturizer with Aqualicia & D-Panthenol, Soothing Daily Cream for Sensitive Dry Skin (80ml / 2.71 fl.oz)",LAGOM,,LAG07,26.99,https://ivyusa.com/products/lagom-cellus-mild-moisture-cream-gentle-barrier-repair-face-moisturizer,https://cdn.shopify.com/s/files/1/0605/4392/6331/files/lagom-lag07-cellus-mild-moisture-cream-main.webp?v=1774899377,"Repair your skin barrier with LAGOM Cellus Mild Moisture Cream. Proven to improve moisture by 226%, this non-irritating moisturizer features Aqualicia, D-Panthenol, and Green Tea to soothe sensitive skin and lock in long-lasting hydration.
 • Instant 226% moisture improvement Don't settle for temporary hydration. Clinically proven to deliver a staggering 226% improvement in skin moisture levels immediately after use, this cream transforms fatigued, dry skin into a visibly healthier and more radiant complexion.
 • Advanced barrier repair and protection Reinforce your skin’s natural shield. Enriched with D-Panthenol and Urea, this multi-tasking formula repairs the skin barrier while providing a unique combination of moisturizing and gentle exfoliating benefits to keep your skin soft and smooth.
 • The power of Aqualicia® and plant-peptides Experience deep-delivering hydration that lasts. Our patented Aqualicia® activates the skin's moisture cells (Aquaporins) to strengthen its hydration capacity from within, while a plant-derived peptide formula seals in moisture for long-lasting protection.
 • Soothing relief for sensitive and tired skin Calm your skin from daily thermal stress and pollutants. Infused with Green Tea Extract to effectively reduce irritation and redness, this ""relaxation cream"" is perfect for those who need to soothe fatigued skin with abundant moisture.
 • Dermatologically tested and non-irritating Your safety is our priority. Tested by the Skinmed Skin Science Research Center, our Mild Moisture Cream has been judged to be completely non-irritative on human skin. It is the gold standard for sensitive skin types seeking gentle yet intensive nourishment.
 Show More 
<div class=""","Apply: After using your serum, take an appropriate amount of the Mild Moisture Cream.
Massage: Smooth it evenly over your face and neck. The highly concentrated, low-irritant texture sinks in smoothly upon application.
Pro Tip: For extremely dry days, layer it twice or use it as a ""sleeping pack"" to wake up with solidly hydrated, supple skin.
 Show More","Face & Body Care, Face & Body Care Main, K-BEAUTY, K-Beauty Bestsellers, K-BEAUTY SKINCARE",lagom-cellus-mild-moisture-cream-gentle-barrier-repair-face-moisturizer
"LAGOM 24H Deep Hydrating Serum - Vegan Squalane & Aqualicia Face Serum, Anti-Aging Aquatide for Barrier Repair, Soothing Vitamin E for Radiant Glow (50ml / 1.69 fl.oz)",LAGOM,,LAG06,23.99,https://ivyusa.com/products/lagom-24h-deep-hydrating-serum-vegan-squalane-aqualicia-face-serum,https://cdn.shopify.com/s/files/1/0605/4392/6331/files/LAGOM-_LAG06-LAGOM-CELLUS-AQUALANE-SERUM-main.webp?v=1774899010,"Repair and protect your skin with LAGOM Cellus Aqualane Solution. A comprehensive 1.69 fl.oz serum featuring Vegan Squalane and Nobel Prize-inspired antioxidants to strengthen the skin barrier, boost elasticity, and provide deep, long-lasting moisture.
 • Comprehensive solution for everyday skin damage Experience a powerful recovery serum designed to combat the cumulative effects of daily environmental stress. Formulated with a potent blend of Aqualicia® and Vegan Squalane, it provides a complete solution that moisturizes, soothes, and repairs damaged skin all at once.
 • Strengthen skin barrier and immune balance Restore your skin’s natural strength. By prescribing high-purity, vegetable-derived Squalane, this serum reinforces a weakened skin barrier and helps restore your skin’s healthy immune balance, protecting you from future irritation and sensitivity.
 • Moisturizing care from the root Deep hydration that goes beyond the surface. This formula is engineered to elasticize and moisturize your skin from its very foundation. It leaves your complexion looking visibly plump, bouncy, and revitalized from the inside out.
 • Nobel prize-inspired well-aging care Elevate your anti-aging routine with science-backed results. Featuring ingredients recognized for their water-retaining and anti-oxidative properties, this serum effectively fights signs of aging, removes harmful oxygen, and rejuvenates damaged skin cells for a youthful glow.
 • Synergy of Aqualicia and Aquatide Unlock the secret to lasting moisture. While Aqualicia® activates your skin’s natural moisture channels to boost hydration capacity, Aquatide® works to reduce inflammation and protect your skin from harmful pollutants, keeping your barrier resilient and clear.
 Show More 
<div class=""",,"Face & Body Care, Face & Body Care Main, K-BEAUTY, K-Beauty Bestsellers, K-BEAUTY SKINCARE",lagom-24h-deep-hydrating-serum-vegan-squalane-aqualicia-face-serum
"Medifoam Self-Adhesive Hydrocolloid Bandage Pads – Ultra-Thin Waterproof Healing Patches 10 Sheets (4"" × 4"")",Medifoam,Medical Tape & Bandages,MED04,18.99,https://ivyusa.com/products/self-adhesive-hydrocolloid-bandage-pads-ultra-thin-waterproof-healing-patches-9-sheets-1-6-2-4-copy,https://cdn.shopify.com/s/files/1/0605/4392/6331/files/MED04_main.png?v=1766430372,"Ultra-thin, self-adhesive hydrocolloid patches that create a waterproof, breathable seal to protect and heal cuts, blisters, and acne while staying comfortable on sensitive skin.
 • Ultra-thin hydrocolloid design: Lightweight, skin-like texture forms a seamless barrier over wounds or blemishes for invisible protection and faster recovery.
 • Self-adhesive & secure: Soft adhesive backing stays in place without extra tape, ensuring comfort and flexibility for everyday wear.
 • Waterproof healing layer: Locks in moisture and shields the affected area from bacteria and external contaminants while allowing skin to breathe.
 • Gentle on sensitive skin: Biocompatible and non-irritating formula suitable for all skin types, even delicate or damaged areas.
 • Multi-purpose protection: Ideal for acne, blisters, minor cuts, and abrasions — keeps wounds clean and supports natural healing.
 Show More 
<div class=""",,"Early Holiday Gift Pick, Face & Body Care, Face & Body Care Main, K-Beauty Bestsellers, K-BEAUTY SKINCARE, Members Only, Skincare, Wellness",self-adhesive-hydrocolloid-bandage-pads-ultra-thin-waterproof-healing-patches-9-sheets-1-6-2-4-copy
"Medifoam Self-Adhesive Hydrocolloid Bandage Pads – Ultra-Thin Waterproof Healing Patches 9 Sheets (1.2"" × 2.4"")",Medifoam,Medical Tape & Bandages,MED06,9.97,https://ivyusa.com/products/self-adhesive-hydrocolloid-bandage-pads-ultra-thin-waterproof-healing-patches-1-2-2-4,https://cdn.shopify.com/s/files/1/0605/4392/6331/files/MED05_main.png?v=1765289097,"Ultra-thin, self-adhesive hydrocolloid patches that create a waterproof, breathable seal to protect and heal cuts, blisters, and acne while staying comfortable on sensitive skin.
 • Ultra-thin hydrocolloid design: Lightweight, skin-like texture forms a seamless barrier over wounds or blemishes for invisible protection and faster recovery.
 • Self-adhesive & secure: Soft adhesive backing stays in place without extra tape, ensuring comfort and flexibility for everyday wear.
 • Waterproof healing layer: Locks in moisture and shields the affected area from bacteria and external contaminants while allowing skin to breathe.
 • Gentle on sensitive skin: Biocompatible and non-irritating formula suitable for all skin types, even delicate or damaged areas.
 • Multi-purpose protection: Ideal for acne, blisters, minor cuts, and abrasions — keeps wounds clean and supports natural healing.
 Show More 
<div class=""",,"Early Holiday Gift Pick, Face & Body Care, Face & Body Care Main, K-Beauty Bestsellers, K-BEAUTY SKINCARE, Members Only, Skincare, Wellness",self-adhesive-hydrocolloid-bandage-pads-ultra-thin-waterproof-healing-patches-1-2-2-4
HealMize Freeze-Dried Vita Brightening Melting Capsule for Radiant & Even Skin Tone,HealMize,Face Serums,HEA04,16.00,https://ivyusa.com/products/freeze-dried-vita-brightening-melting-capsule-for-radiant-even-skin-tone,https://cdn.shopify.com/s/files/1/0605/4392/6331/files/HEA04_main.png?v=1762836745,"Revolutionary freeze-dried Vitamin C capsule that brightens dull, tired skin and restores a healthy, luminous glow — one capsule at a time. 
 • Brightening Power: Pure Vitamin C (5,470 ppm) visibly improves dullness and uneven tone for a luminous complexion. 
 • Radiance Boost: Enhances skin clarity and glow while helping to fade discoloration and dark spots. 
 • Collagen Support: Hydrolyzed Collagen helps firm and smooth skin for a youthful, revitalized look. 
 • Intensive Hydration: Sodium Hyaluronate delivers deep, lasting moisture for a soft, supple finish. 
 • Freeze-Dried Potency: Advanced freeze-drying technology preserves Vitamin C’s purity and power until the moment of use. 
 • Clean & Safe Formula: Hypoallergenic, dermatologist-tested, and free from parabens, alcohol, and artificial fragrance. 
 • Single-Use Freshness: Individually sealed capsules ensure hygiene, portability, and maximum effectiveness every time. 
 Show More 
<div class=""","STEP 1 — OPEN: After cleansing, open one capsule.
STEP 2 — ACTIVATE: Add your serum, toner, or cream and mix until it melts (do not use water).
STEP 3 — APPLY: Smooth evenly onto your face for an instant dewy glow.
TIP: Use daily with your favorite hydrating serum for maximum moisture retention.
 Show More","Early Holiday Gift Pick, Face & Body Care, Face & Body Care Main, Featured / New, Glow & Brightening, Hyaluronic Acid, K-Beauty Bestsellers, K-Beauty Hyaluronic, K-BEAUTY SKINCARE, Members Only, New, Over $29.98, Prom Night Flash Sale, Skincare, Vitamin C",freeze-dried-vita-brightening-melting-capsule-for-radiant-even-skin-tone
Medifoam Self-Adhesive Hydrocolloid Wound Dressing Pads,Medifoam,Medical Tape & Bandages,MED01,9.99,https://ivyusa.com/products/self-adhesive-hydrocolloid-wound-dressing-pads,https://cdn.shopify.com/s/files/1/0605/4392/6331/files/MED01_main.png?v=1766429666,"Professional medical-grade foam dressings designed for cleaning, covering, and cushioning wounds. Absorbent and waterproof, ideal for cuts, ulcers, burns, and post-op care. Available in multiple sizes and adhesive types for sensitive skin.
 • Customizable & Secure Fit: Available in three practical sizes 10 sheets (10×10 cm), and 7 sheets (7×3 cm). Choose between non-adhesive and adhesive bordered types to match any wound size or area for a flexible, secure fit.
 • High-Absorption Foam: Made with medical-grade polyurethane that efficiently absorbs excess exudate, maintaining a clean, balanced healing environment for optimal recovery.
 • Gentle on Sensitive Skin: Designed and tested for biocompatibility, minimizing irritation even on delicate or sensitive skin — ideal for post-op care, ulcers, burns, and daily wound protection.
 • Soft & Flexible Comfort: Lightweight, breathable foam conforms naturally to body contours and movement, providing comfortable wear even on curved or active areas like knees and elbows.
 • Waterproof Daily Care: The polyurethane film layer provides a protective barrier against water and external contaminants, ensuring reliable, hygienic protection throughout daily activities.
 Show More 
<div class=""",,"Early Holiday Gift Pick, Face & Body Care, Face & Body Care Main, K-BEAUTY, K-Beauty Bestsellers, K-BEAUTY SKINCARE, Members Only, pads, Skincare",self-adhesive-hydrocolloid-wound-dressing-pads
"EARTHNIQ Glutathione Brightening Mask Film – Korean Vegan Skincare for Total Radiance, Hydration & Even Skin Tone",EARTHNIQ,Skin Care Masks & Peels,EAR04,12.99,https://ivyusa.com/products/glutathione-brightening-mask-film-korean-vegan-skincare-for-total-radiance-hydration-even-skin-tone,https://cdn.shopify.com/s/files/1/0605/4392/6331/files/EAR04_main.png?v=1762446421,"1-second melting glutathione film for full-face brightening and hydration.
 Hydrates, evens, and illuminates skin — revealing a smooth, glass-skin glow in seconds.
 • Instant 1-Second Absorption: Ultra-thin glutathione film dissolves instantly on skin, releasing concentrated actives for immediate radiance and hydration.
 • 100% Pure Vegan Glutathione: Formulated with 1,000,000 ppm pure vegan glutathione — brightens dull, uneven skin while remaining gentle and irritation-free.
 • Nano-Fiber Absorption Technology: 0.1 μm nanofibers penetrate 3,000% deeper and 300% faster than standard brightening products, maximizing visible results.
 • Full-Face Brightening Film: Includes 15 full-size sheets designed for effortless total-face use — delivering even tone, hydration, and glow from forehead to chin.
 • Lightweight & Non-Sticky: Melts instantly without residue, leaving skin soft, hydrated, and perfectly prepped for makeup or overnight radiance care
 Show More 
<div class=""","1️⃣ Prep Your Skin
Cleanse your face and lightly mist your skin 1–2 times.
Let it absorb completely — ensure there’s no excess moisture before applying the film.
2️⃣ Peel Off the Protective Sheet (A)
Carefully take out one glutathione film sheet and remove the transparent protective layer (A).
3️⃣ Apply the Glutathione Film (B)
Place the white side (B) of the film directly onto your skin.
Align evenly across your forehead, cheeks, and chin for full-face coverage.
4️⃣ Remove the Pink Support Sheet (C)
Once the film is well attached, gently peel off the pink layer (C), leaving the glutathione film in direct contact with your skin.
5️⃣ Mist & Melt
Spray facial mist generously (at least 7 times) over the applied area to activate the melting process.
For best synergy, use with EARTHNIQ Timeless Aura Collagen Peptide Synergy Mist,
but any facial mist will help dissolve the film and boost glutathione absorption.
6️⃣ Tap to Absorb
Once the film has fully melted, gently tap your skin to promote absorption — avoid rubbing.
💛 Film Layer Guide
A – Protective Sheet: Transparent layer that prevents premature melting.
B – Glutathione Film: Main active layer infused with 1,000,000 ppm pure vegan glutathione for brightening and hydration.
C – Pink Support Sheet: Outer support layer that ensures smooth adhesion before removal.
✨ Pro Tip
Use together with EARTHNIQ Collagen Peptide Synergy Mist to enhance hydration and maximize the brightening effect.
Incorporate it into your nightly skincare routine to achieve radiant, even-toned glass-skin glow
 Show More 
<div class=""","Early Holiday Gift Pick, Face & Body Care, Face & Body Care Main, Glow & Brightening, K-Beauty Bestsellers, K-BEAUTY SKINCARE, Mask Sheet, Members Only, Skincare",glutathione-brightening-mask-film-korean-vegan-skincare-for-total-radiance-hydration-even-skin-tone
HealMize Freeze-Dried Panthenol Barrier Melting Capsule for Deep Hydration & Skin Barrier Repair,HealMize,Face Serums,HEA05,16.00,https://ivyusa.com/products/freeze-dried-panthenol-barrier-melting-capsule-for-deep-hydration-skin-barrier-repair,https://cdn.shopify.com/s/files/1/0605/4392/6331/files/HEA05_main.png?v=1762446421,"A highly concentrated barrier-repair capsule that delivers instant hydration and nourishment. Infused with Panthenol (Vitamin B5) and Hyaluronic Acid, it deeply moisturizes dry, sensitive skin while fortifying the natural barrier for lasting smoothness and comfort.
 • Barrier Strengthening: Panthenol helps restore the weakened skin barrier and lock in essential moisture.
 • Deep Hydration: Sodium Hyaluronate replenishes the skin’s water content for a plump, dewy finish.
 • Collagen Support: Hydrolyzed Collagen enhances firmness and elasticity for youthful, resilient skin.
 • Freeze-Dried for Potency: Preserves the purity and power of active ingredients until the moment of use.
 • Clean & Safe Formula: Hypoallergenic, dermatologist-tested, and free from parabens, alcohol, and synthetic fragrance.
 • Moisture Magnet Effect: Keeps skin hydrated, smooth, and balanced all day long.
 • Single-Use Freshness: Individually sealed capsules ensure hygiene, convenience, and travel readiness.
 Show More 
<div class=""","STEP 1 — OPEN: After cleansing, open one capsule.
STEP 2 — ACTIVATE: Add your serum, toner, or cream and mix until it melts (do not use water).
STEP 3 — APPLY: Smooth evenly onto your face for an instant dewy glow.
TIP: Use daily with your favorite hydrating serum for maximum moisture retention.
 Show More","Dryness & Dehydration, Early Holiday Gift Pick, Face & Body Care, Face & Body Care Main, K-Beauty Bestsellers, K-Beauty Collagen, K-Beauty Hyaluronic, K-BEAUTY SKINCARE, Members Only, Over $29.98, Skincare",freeze-dried-panthenol-barrier-melting-capsule-for-deep-hydration-skin-barrier-repair
KISS NEW YORK Pure Glow Vita Bright Gel Cleanser - Sulfate-Free Brightening Face Wash & Makeup Remover (150 ml),Kiss New York,Skincare,KVB01,9.99,https://ivyusa.com/products/kiss-new-york-pure-glow-vita-bright-gel-cleanser-sulfate-free-brightening-face-wash,https://cdn.shopify.com/s/files/1/0605/4392/6331/files/KNY-KVB01-Pure-Glow-Vita-Bright-Gel-Cleanser-main.jpg?v=1785766892,"Achieve a flawless #CleanGlow with this refreshing, radiance-boosting gel cleanser. Formulated with a gentle, sulfate-free base, it effectively melts away makeup and daily impurities without stripping your skin's natural moisture. Powered by the perfect synergy of Vitamin C and Niacinamide, this daily cleanser leaves your complexion deeply hydrated, comfortably balanced, and visibly brighter after every wash.
 Why Your Skin Needs It:
 • Sulfate-Free Deep Cleansing: Formulated with mild, plant-derived surfactants to gently but effectively remove makeup and impurities, keeping the skin deeply hydrated and comfortable—never tight or dry.
 • Optimized Brightening Synergy: The powerful combination of stable Vitamin C (3-O-Ethyl Ascorbic Acid) and Niacinamide enhances your skin’s natural radiance while minimizing irritation, making it perfectly safe for sensitive skin.
 • 7-Superfood Vitamin Complex: Infused with a natural radiance-boosting blend from 7 superfoods (including Sea Buckthorn, Beet, Carrot, Apple, Guava, Lemon, and Calamansi) to nourish and revive dull skin.
 • Hydration & Skin Conditioning: Packed with Glycerin and Propanediol to lock in essential moisture, ensuring a perfectly balanced and smooth-looking complexion after cleansing.
 • Refreshing Sensory Experience: Enriched with Citrus Aurantium Peel Oil, it provides an uplifting, fresh citrus aroma that turns your daily cleansing routine into a spa-like experience.
 Show More 
<div class=""","• Step 1: Squeeze a small amount of the gel cleanser onto damp hands to create a gentle lather.
• Step 2: Apply to damp skin and gently massage in circular motions for 30–60 seconds to melt away makeup and impurities.
• Step 3: Rinse thoroughly with lukewarm water and gently pat dry. (Avoid direct contact with eyes).
• 💡 PRO TIP: For a complete brightening routine, follow up immediately with the Vita Bright Serum and Eye Patches to lock in that ultimate #CleanGlow!
 Show More 
<div class=""","K-Beauty Bestsellers, Kiss New York, Kiss New York Cleanser, KNY K-Beauty Series, Mask & Cleanser, Moisturizing, Pores & Oil Control, Skincare",kiss-new-york-pure-glow-vita-bright-gel-cleanser-sulfate-free-brightening-face-wash
KISS NEW YORK Calm & Balanced Madecassoside Intensive Serum Sheet Mask(6 Sheets)- Soothing & Barrier Repair Cica Face Mask,Kiss New York,,KBA03*6,17.94,https://ivyusa.com/products/kiss-new-york-calm-balanced-madecassoside-intensive-serum-sheet-mask6-sheets,https://cdn.shopify.com/s/files/1/0605/4392/6331/files/ivy-kny-kba03-intensive-serum-sheet-mask-main.jpg?v=1779293511,"Experience rapid relief for stressed, irritated skin with this soothing sheet mask powered by Centella's ultimate calming duo: Madecassoside and Asiaticoside. The hypoallergenic, refreshing serum formula instantly comforts redness while fortifying your skin’s natural moisture barrier. Restore a perfectly balanced, healthy-looking, and deeply hydrated complexion with this essential calming rescue ritual.
 Why Your Skin Needs It:
 • Rapid Relief For Irritated Skin: The intensive, hypoallergenic serum formula delivers instant comfort to stressed skin, effectively soothing the appearance of redness.
 • Strengthen & Balance Your Barrier: Goes beyond soothing to fortify your skin's natural moisture barrier, locking in deep hydration for all-day protection.
 • Centella's Ultimate Calming Duo: Formulated with Madecassoside to rapidly soothe and protect, alongside Asiaticoside to keep the skin feeling soft and comfortable.
 • Deep Refreshing Hydration: Features a hydrating barrier repair complex that infuses the skin with weightless, watery moisture without leaving a sticky residue.
 • Gentle & Comforting Fit: The highly breathable sheet sits softly on sensitive skin, delivering the cooling and calming serum exactly where it is needed most.
 Show More 
<div class=""","• After cleansing and toning, apply the mask.
• Pull upward to fit the mask tightly to the face, adjusting it around the eyes, nose, and mouth.
• Relax for 10–20 minutes.
• Remove and discard the mask. Lightly tap the remaining essence to help it absorb into the skin.
 Show More 
<div class=""","K-Beauty Bestsellers, Kiss New York Face Mask, KNY K-Beauty Series, Mask & Cleanser, Mask Sheet, Moisturizing, Skincare, Sweatproof Summer Picks",kiss-new-york-calm-balanced-madecassoside-intensive-serum-sheet-mask6-sheets
KISS NEW YORK Hydro-Glow Rose PDRN Intensive Serum Sheet Mask(6 Sheets)- Radiance & Elasticity Face Mask with Rosa Damascena Flower Oil,Kiss New York,,KBA02*6,17.94,https://ivyusa.com/products/kiss-new-york-hydro-glow-rose-pdrn-intensive-serum-sheet-mask6-sheets,https://cdn.shopify.com/s/files/1/0605/4392/6331/files/ivy-kny-kba02-intensive-serum-sheet-mask-main.jpg?v=1779293724,"Reveal a luminous hydro-glow with this luxurious sheet mask powered by advanced PDRN (Sodium DNA) and Rosa Damascena Flower Oil. Designed to restore vitality and support skin elasticity, this intensive serum mask transforms dull, fatigued skin into a silky-smooth, firm canvas. Create a radiant glow barrier that deeply moisturizes and rejuvenates your complexion for a youthful, healthy look.
 Why Your Skin Needs It:
 • Radiant Hydro-Glow Barrier: Infused with pure floral energy to deeply moisturize and create a luminous barrier, instantly transforming dullness into a clear, radiant complexion.
 • Advanced Elasticity Support: Powered by PDRN (Sodium DNA) to help support skin renewal, visibly improving elasticity for a firm, bouncy, and youthful appearance.
 • Floral Vitality & Deep Moisture: Enriched with Rosa Damascena Flower Oil that gently envelops the skin, leaving it feeling deeply moisturized and silky-smooth.
 • Hydrating & Soothing Complex: Locks in essential moisture while comforting the skin to maintain a healthy, balanced, and rejuvenated condition.
 • Silky-Smooth Adherence: The premium sheet hugs the face seamlessly, allowing the rich, pink-tinted serum to deliver intense nourishment without dripping.
 Show More 
<div class=""","• After cleansing and toning, apply the mask.
• Pull upward to fit the mask tightly to the face, adjusting it around the eyes, nose, and mouth.
• Relax for 10–20 minutes.
• Remove and discard the mask. Lightly tap the remaining essence to help it absorb into the skin.
 Show More 
<div class=""","K-Beauty Bestsellers, Kiss New York, Kiss New York Face Mask, KNY K-Beauty Series, Mask & Cleanser, Mask Sheet, Moisturizing, PDRN, Skincare, Sweatproof Summer Picks",kiss-new-york-hydro-glow-rose-pdrn-intensive-serum-sheet-mask6-sheets
KISS NEW YORK Glow Skin Renewal Snail Mucin Intensive Serum Sheet Mask(6 Sheets) - Hydrating & Firming Korean Face Mask with Allantoin,Kiss New York,,KBA01*6,17.94,https://ivyusa.com/products/kiss-new-york-glow-skin-renewal-snail-mucin-intensive-serum-sheet-mask6-sheets,https://cdn.shopify.com/s/files/1/0605/4392/6331/files/ivy-kny-kba01-intensive-serum-sheet-mask-main.jpg?v=1779293883,"Discover the ultimate glass skin secret with this highly concentrated Snail Mucin sheet mask that deeply hydrates and visibly renews dull, tired skin. The intensive serum formula combines Snail Secretion Filtrate and Allantoin to lock in refreshing moisture while gently soothing skin exposed to external stressors. Achieve a dewy, plump, and firm complexion after just 10 to 20 minutes of relaxing self-care.
 Why Your Skin Needs It:
 • Intensive Hydration For Supple Skin: Delivers a surge of refreshing moisture that forms a delicate protective layer to lock in hydration and improve overall skin condition.
 • Advanced Snail Mucin Power: Powered by Snail Secretion Filtrate to enhance deep hydration and visibly improve skin elasticity for a firm, supple glow.
 • Calm & Balanced Revitalization: Enriched with Allantoin to gently soothe sensitive or irritated skin, helping reduce the appearance of redness for a calm complexion.
 • Visible Skin Renewal: Transforms dull, tired skin into a radiant, bouncy canvas, giving you that signature K-Beauty ""Glass Skin"" effect instantly.
 • Perfect Conforming Fit: The thin, comfortable sheet perfectly adheres to the facial contours, ensuring the intensive serum complex absorbs deeply and evenly.
 Show More 
<div class=""","After cleansing and toning, apply the mask.
Pull upward to fit the mask tightly to the face, adjusting it around the eyes, nose, and mouth.
Relax for 10–20 minutes.
Remove and discard the mask. Lightly tap the remaining essence to help it absorb into the skin.
 Show More 
<div class=""","K-Beauty Bestsellers, Kiss New York Face Mask, KNY K-Beauty Series, Mask & Cleanser, Mask Sheet, Moisturizing, Skincare, Sweatproof Summer Picks",kiss-new-york-glow-skin-renewal-snail-mucin-intensive-serum-sheet-mask6-sheets
KISS NEW YORK Real Vita Capsule Overnight Hydrogel Mask (4 Sheets) - Glow & Firming,Kiss New York,,KHY06*4,16.99,https://ivyusa.com/products/kiss-new-york-real-vita-capsule-overnight-hydrogel-mask-4-sheets,https://cdn.shopify.com/s/files/1/0605/4392/6331/files/kissnewyork-khy06-gel-mask-main2.jpg?v=1777484675,"A triple-shot of espresso for tired, lackluster skin. Give your face the ultimate energetic wake-up call. The Real Vita Capsule mask is packed with visibly suspended vitamin micro-capsules embedded right into our signature melting jelly. As you sleep, these potent capsules melt directly into your skin alongside brightening Niacinamide and soothing Panthenol. Wake up to a visibly firmer, intensely vibrant, and lifted complexion that looks like you just had 10 hours of perfect beauty sleep.
 Why Your Skin Needs It:
 • Real Vitamin Capsules: Visibly suspended micro-capsules melt upon contact with your skin's temperature, delivering a fresh, concentrated dose of revitalizing vitamins directly into your barrier.
 • ""Vita Glow"" & Firming: Supercharged with Niacinamide to aggressively target dullness and uneven tone while promoting a tighter, more lifted appearance.
 • Energy Boost for Tired Skin: Formulated with a potent multi-vitamin complex (including Vitamin C derivatives, Riboflavin, and Biotin) to breathe life and radiance back into exhausted, dehydrated skin.
 • Active-Sealing Hydrogel: The breathable jelly texture locks brightening actives into your skin all night long, transforming from opaque to transparent as the ingredients are deeply absorbed.
 Show More 
<div class=""","The Clearer It Gets, The Deeper It Absorbs. Leave on for 3-4 hours or overnight for the ultimate K-Beauty glow.
• 1. Apply: Place the mask on a clean, toned face after carefully removing the protective film.
• 2. Infuse: Relax and leave the mask on until it becomes fully transparent. (Wear for 3+ hours or overnight for deeper, more transformative results.)
• 3. Glow: Gently remove the clear mask and lightly pat any remaining essence into your skin.
 Show More 
<div class=""","Brightening, Glow & Brightening, K-Beauty Bestsellers, Kiss New York Face Mask, KNY K-Beauty Series, Mask & Cleanser, Mask Sheet, Skincare, Sweatproof Summer Picks",kiss-new-york-real-vita-capsule-overnight-hydrogel-mask-4-sheets
KISS NEW YORK Marine Calming Sea Kelp Overnight Hydrogel Mask (4 Sheets) - Calm & Balance,Kiss New York,,KHY05*4,16.99,https://ivyusa.com/products/kiss-new-york-marine-calming-sea-kelp-overnight-hydrogel-mask-4-sheets,https://cdn.shopify.com/s/files/1/0605/4392/6331/files/kissnewyork-khy05-gel-mask-main2.jpg?v=1777484647,"Hit refresh on angry, stressed-out skin. Is your skin feeling reactive, oily, or showing signs of redness? Dive into deep-sea healing. Formulated with nutrient-rich Sea Kelp and Laminaria Water (often called ""Ocean Cica""), this cooling, overnight melting jelly mask acts as a soothing reset button for your face. It actively calms redness, provides weightless hydration, and balances excess oil while you sleep. Wake up to a clarified, comfortably calm, and even-toned complexion.
 Why Your Skin Needs It:
 • Ocean Cica for Trouble Care: Powered by Sea Kelp and Laminaria Digitata Water, this marine-infused mask delivers essential minerals and antioxidants to visibly reduce redness and soothe irritated, sensitive skin.
 • Ultimate Skin Balance: Perfectly formulated for normal, combo, and oily skin types. It provides deep, cooling hydration without clogging pores, helping to regulate sebum production and clarify your overall tone.
 • Target Redness & Dullness: Gently melts away the day's stress, fading the look of uneven tone and dullness to reveal a fresh, rested, and healthy glow.
 • Active-Sealing Hydrogel: The breathable jelly texture locks soothing actives into your skin barrier all night long, transforming from opaque to transparent as the ingredients are deeply absorbed.
 Show More 
<div class=""","The Clearer It Gets, The Deeper It Absorbs. Leave on for 3-4 hours or overnight for the ultimate K-Beauty glow.
• 1. Apply: Place the mask on a clean, toned face after carefully removing the protective film.
• 2. Infuse: Relax and leave the mask on until it becomes fully transparent. (Wear for 3+ hours or overnight for deeper, more transformative results.)
• 3. Glow: Gently remove the clear mask and lightly pat any remaining essence into your skin.
 Show More 
<div class=""","Calming, K-Beauty Bestsellers, Kiss New York, Kiss New York Face Mask, KNY K-Beauty Series, Mask & Cleanser, Mask Sheet, Skincare, Sweatproof Summer Picks",kiss-new-york-marine-calming-sea-kelp-overnight-hydrogel-mask-4-sheets
KISS NEW YORK Deep Nourish Ceramide Overnight Hydrogel Mask (4 Sheets) - Moisture & Barrier Support,Kiss New York,,KHY04*4,16.99,https://ivyusa.com/products/kiss-new-york-deep-nourish-ceramide-overnight-hydrogel-mask-4-sheets,https://cdn.shopify.com/s/files/1/0605/4392/6331/files/kissnewyork-khy04-gel-mask-main2.jpg?v=1777484621,"Wrap your stressed skin in a comforting, hydrating hug. Is your skin feeling dry, tight, or easily irritated? It’s time for a barrier intervention. Meet your skin’s new safety blanket. Formulated with a powerful 5-Ceramide complex and soothing Panthenol, this melting jelly mask works the night shift to rescue compromised skin. It locks in intense, deep moisture and reinforces your natural defenses without feeling heavy. Wake up to a profoundly nourished, calm, and healthy-looking complexion.
 Why Your Skin Needs It:
 • The Ultimate Barrier Shield: Supercharged with a complex of 5 distinct Ceramides (NP, NS, AP, AS, EOP) that mimic your skin's natural makeup to rapidly rebuild and strengthen a weakened skin barrier.
 • Intense Soothing Relief: Infused with Panthenol (Pro-Vitamin B5) to instantly calm sensitivity, reduce redness, and deeply comfort irritated skin.
 • Lock In Deep Moisture: Our active-sealing hydrogel technology acts like a breathable blanket, preventing transepidermal water loss and flooding dehydrated skin with long-lasting nourishment.
 • Melting Jelly Technology: Watch it work. The opaque mask slowly turns transparent overnight as the deeply comforting ingredients melt directly into your skin for maximum absorption.
 Show More 
<div class=""","The Clearer It Gets, The Deeper It Absorbs. Leave on for 3-4 hours or overnight for the ultimate K-Beauty glow.
• 1. Apply: Place the mask on a clean, toned face after carefully removing the protective film.
• 2. Infuse: Relax and leave the mask on until it becomes fully transparent. (Wear for 3+ hours or overnight for deeper, more transformative results.)
• 3. Glow: Gently remove the clear mask and lightly pat any remaining essence into your skin.
 Show More 
<div class=""","K-Beauty Bestsellers, Kiss New York, Kiss New York Face Mask, KNY K-Beauty Series, Mask & Cleanser, Mask Sheet, Moisturizing, Skincare, Sweatproof Summer Picks",kiss-new-york-deep-nourish-ceramide-overnight-hydrogel-mask-4-sheets
KISS NEW YORK Glass Glow PDRN Overnight Hydrogel Mask (4 Sheets) - Skin Barrier & Elasticity,Kiss New York,,KHY03*4,16.99,https://ivyusa.com/products/kiss-new-york-glass-glow-pdrn-overnight-hydrogel-mask-4-sheets,https://cdn.shopify.com/s/files/1/0605/4392/6331/files/kissnewyork-khy03-gel-mask-main2.jpg?v=1777315185,"The ultimate Korean clinic secret to coveted 'Glass Skin' is finally yours. Infused with highly regenerative Salmon PDRN and energizing Vitamin B12, this overnight hydrogel acts like an intense sleep-in facial. As the jelly mask literally melts into your skin, it aggressively repairs your barrier and locks in deep hydration—giving you that legendary, luminous, and plumped-up glow by sunrise.
 Why Your Skin Needs It:
 • The K-Clinic Secret: Formulated with Salmon PDRN (Sodium DNA)—Korea's highly coveted regenerative ingredient known to rapidly repair and strengthen a compromised skin barrier.
 • Ultimate ""Glass Skin"" Finish: Floods your skin with intense, long-lasting hydration to create that signature luminous, poreless, and reflective glow.
 • Pink Vitamin Energy: Enriched with Vitamin B12 to breathe life and vitality back into stressed, tired, and deeply dehydrated skin.
 • Intense Barrier Repair: Works in harmony with your skin's natural nighttime healing process to fortify your defenses and lock in deep moisture for 4-8 hours.
 Show More 
<div class=""","The Clearer It Gets, The Deeper It Absorbs. Leave on for 3-4 hours or overnight for the ultimate K-Beauty glow.
• 1. Apply: Place the mask on a clean, toned face after carefully removing the protective film.
• 2. Infuse: Relax and leave the mask on until it becomes fully transparent. (Wear for 3+ hours or overnight for deeper, more transformative results.)
• 3. Glow: Gently remove the clear mask and lightly pat any remaining essence into your skin.
 Show More 
<div class=""","Glow & Brightening, K-Beauty Bestsellers, Kiss New York Face Mask, KNY K-Beauty Series, Mask & Cleanser, Mask Sheet, Skincare, Sweatproof Summer Picks",kiss-new-york-glass-glow-pdrn-overnight-hydrogel-mask-4-sheets
KISS NEW YORK Kojic Acid + Turmeric Overnight Hydrogel Mask (4 Sheets) - Even Tone & Radiance,Kiss New York,,KHY02*4,16.99,https://ivyusa.com/products/kiss-new-york-kojic-acid-turmeric-overnight-hydrogel-mask-4-sheets,https://cdn.shopify.com/s/files/1/0605/4392/6331/files/kissnewyork-khy02-gel-mask-main2.jpg?v=1777314601,"Hit the snooze button on dull, uneven skin. This is your overnight shortcut to a flawless, golden-hour glow. Powered by a potent blend of brightening Kojic Acid and soothing Turmeric, this melting jelly mask seals active ingredients directly into your barrier all night long. Peel it off in the morning to reveal a visibly clearer, hyper-radiant complexion that looks lit from within.
 Why Your Skin Needs It:
 • Target Dark Spots & Discoloration: Powered by Kojic Acid, a proven brightener that aggressively targets uneven skin tone and helps fade the look of stubborn spots.
 • The ""Golden Hour"" Glow: Infused with antioxidant-rich Turmeric to instantly soothe redness, calm the skin, and deliver a flawless, radiant finish.
 • Resurface & Clarify: Gently melts away dullness overnight, revealing a visibly clearer and more translucent complexion.
 • Active-Sealing Moisture: Forms a breathable protective shield over your skin, locking in the brightening actives for hours without evaporating.
 Show More 
<div class=""","The Clearer It Gets, The Deeper It Absorbs. Leave on for 3-4 hours or overnight for the ultimate K-Beauty glow.
• 1. Apply: Place the mask on a clean, toned face after carefully removing the protective film.
• 2. Infuse: Relax and leave the mask on until it becomes fully transparent. (Wear for 3+ hours or overnight for deeper, more transformative results.)
• 3. Glow: Gently remove the clear mask and lightly pat any remaining essence into your skin.
 Show More 
<div class=""","Brightening, Glow & Brightening, K-Beauty Bestsellers, Kiss New York, Kiss New York Face Mask, KNY K-Beauty Series, Mask & Cleanser, Mask Sheet, Skincare, Sweatproof Summer Picks",kiss-new-york-kojic-acid-turmeric-overnight-hydrogel-mask-4-sheets
KISS NEW YORK Lift Plus Collagen Overnight Hydrogel Mask (4 Sheets) - Pore Refining & Plumping,Kiss New York,,KHY01*4,16.99,https://ivyusa.com/products/kiss-new-york-lift-plus-collagen-overnight-hydrogel-mask-4-sheets,https://cdn.shopify.com/s/files/1/0605/4392/6331/files/kissnewyork-khy01-gel-mask-main2.jpg?v=1777314136,"Your beauty sleep just got a major upgrade. Meet the K-beauty overnight sensation that practically airbrushes your pores while you dream. Made with our innovative melting jelly hydrogel, this mask actively pushes ultra-low weight collagen and Niacinamide deep into your skin. Wake up to a visibly lifted, bouncy, and poreless complexion—no heavy night creams required.
 Why Your Skin Needs It:
 • Overnight Plumping Power: Ultra-low weight collagen deeply penetrates to restore your skin's natural bounce, giving you that coveted, youthful ""Jello Skin"" by morning.
 • Visibly Shrink Pores: Supercharged with Niacinamide to actively tighten, refine, and blur the look of enlarged pores while you sleep.
 • Melting Hydrogel Technology: Watch the magic happen. The opaque jelly mask turns transparent as it powerfully drives active ingredients directly into your skin barrier.
 • Zero-Mess, Maximum Lift: Adheres perfectly to your facial contours like a second skin—no slipping, no sliding, and no ruined pillowcases.
 Show More 
<div class=""","The Clearer It Gets, The Deeper It Absorbs. Leave on for 3-4 hours or overnight for the ultimate K-Beauty glow.
• 1. Apply: Place the mask on a clean, toned face after carefully removing the protective film.
• 2. Infuse: Relax and leave the mask on until it becomes fully transparent. (Wear for 3+ hours or overnight for deeper, more transformative results.)
• 3. Glow: Gently remove the clear mask and lightly pat any remaining essence into your skin.
 Show More 
<div class=""","K-Beauty Bestsellers, Kiss New York, Kiss New York Face Mask, KNY K-Beauty Series, Mask & Cleanser, Mask Sheet, Pores & Oil Control, Skincare, Sweatproof Summer Picks",kiss-new-york-lift-plus-collagen-overnight-hydrogel-mask-4-sheets
MJCARE Premium Foot Care Pack – Hydrating Sock Mask,MJCARE,Face & Body Care,MIJ02,1.91,https://ivyusa.com/products/mjcare-premium-foot-care-pack,https://cdn.shopify.com/s/files/1/0605/4392/6331/files/IVY_PDP_MJCARE_MIJ02_00_main.jpg?v=1785771996,"Deeply moisturizes and softens dry, rough feet. Restores cracked heels with a soothing, wearable spa treatment.
 • Deep Hydration: Shea butter and argan oil deeply nourish to instantly soften dry, cracked heels.
 • Skin Smoothing: Snail extract gently refines rough textures, leaving feet noticeably smooth and soft.
 • Wearable Sock Design: Convenient, mess-free sock masks offer effortless foot care right at home.
 • Soothing Care: Calms and revitalizes overworked feet with a deeply relaxing, highly moisture-rich essence.
 Show More 
<div class=""","• Cleanse & Dry: Wash feet thoroughly with warm water and dry them completely.
• Slip On Socks: Wear the foot care mask socks and secure them comfortably around your ankles.
• Relax: Leave the mask on for 30 minutes to allow the nourishing serum to deeply absorb.
• Massage & Absorb: Remove the socks and gently massage any remaining essence into skin—no rinsing required!
 Show More","CLEAN & CARE, Dryness & Dehydration, Face & Body Care, Face & Body Care Main, K-BEAUTY, K-Beauty Bestsellers, K-BEAUTY SKINCARE, Mani Pedi Favorites, Mask Sheet, new, New Arrivals, Pedicure Essentials, VIEW ALL, Wellness",mjcare-premium-foot-care-pack
MJCARE Premium Hand Care Pack Gloves,MJCARE,Skin Care Masks & Peels,MIJ01,1.91,https://ivyusa.com/products/mjcare-premium-hand-care-pack,https://cdn.shopify.com/s/files/1/0605/4392/6331/files/IVY_PDP_MJCARE_MIJ01_00_main.jpg?v=1785769227,"Deeply hydrate and soothe tired, dry hands. Restore smooth, radiant, youthfully soft skin instantly.
 • Intense Hydration: Glove-type mask deeply restores moisture to dry, tired hands.
 • Brightening Care: Formulated with Niacinamide to improve skin tone and boost natural radiance.
 • Nourishing Oil Blend: Shea butter and Argan oil lock in moisture for long-lasting softness.
 • Botanical Extracts: Enriched with Green Tea and Reishi to calm and revitalize stressed skin.
 Show More 
<div class=""","• Cleanse & Dry: Wash hands thoroughly and dry completely before opening the package.
• Wear Gloves: Carefully slip your hands into the glove-type masks without tearing.
• Relax & Hydrate: Leave the mask on for 20 to 30 minutes to let the essence absorb.
• Massage Essence: Remove gloves and gently massage remaining serum into skin until fully absorbed.
• Regular Care: Use 3 to 4 times weekly to maintain soft, smooth, healthy-looking hands.
 Show More","Brightening, CLEAN & CARE, Dryness & Dehydration, Face & Body Care, Face & Body Care Main, K-BEAUTY, K-Beauty Bestsellers, K-BEAUTY SKINCARE, Mani Pedi Favorites, Mask Sheet, new, New Arrivals, VIEW ALL, Wellness",mjcare-premium-hand-care-pack
MJCARE Soft Miracle Foot Peeling Pack,MJCARE,Skin Care Masks & Peels,MIJ04,3.79,https://ivyusa.com/products/mjcare-soft-miracle-foot-peeling-pack,https://cdn.shopify.com/s/files/1/0605/4392/6331/files/IVY_PDP_MJCARE_MIJ04_00_main.jpg?v=1785763509,"Reveal silky, baby-soft feet in just one week. Experience ultimate hydration and effortless callus removal at home.
 • Exfoliating Treatment: Gently removes calluses and dead skin cells to reveal visibly smooth feet within a week.
 • Deep Hydration: Packed with beta-glucan and panthenol to nourish and repair severely dry, cracked heels.
 • Soothing Formula: Enriched with snail secretion filtrate and allantoin to protect and restore skin texture.
 • Mess-Free Design: Includes wearable booties and secure ankle stickers for an effortless, spa-like experience.
 Show More 
<div class=""","• Prep Foot Masks: Carefully tear open the packaging and separate each foot mask along the dotted line.
• Apply Solution: Pour the peeling solution directly into each sock, allow it to soak thoroughly, and slip your feet inside.
• Secure & Relax: Fasten the masks at the ankle using the included adhesive stickers and relax for 90 minutes.
• Rinse Clean: Remove the socks and thoroughly rinse your feet under warm running water to clear away remaining solution.
 Show More","CLEAN & CARE, Dryness & Dehydration, Face & Body Care, Face & Body Care Main, K-BEAUTY, K-Beauty Bestsellers, K-BEAUTY SKINCARE, Mani Pedi Favorites, Mask Sheet, new, New Arrivals, Pedicure Essentials, VIEW ALL, Wellness",mjcare-soft-miracle-foot-peeling-pack
MCSNY PhytoVita™ Overnight Renewal Mask,,,,,https://ivyusa.com/products/mcsny-phytovita%E2%84%A2-overnight-renewal-mask,,"Wake up to a well-rested glow with MCSNY PhytoVita™ Overnight Renewal Mask. Intensive SOS care with 11 vitamins for dull, melanin-rich skin.
 • Wake Up to a Well-Rested Glow: An intensive overnight mask designed specifically for dull and tired-looking melanin-rich skin to provide a remarkable hydration burst while you sleep.
 • 11-Vitamin Power Surge: Packed with 11 essential vitamins (A, B1, B2, B3, B5, B7, B9, C, D, E, K) to deliver deep revitalization and a powerful moisture surge.
 • Powered by PhytoVita™ System: Features a unique blend of calming herbs like Lavender and Centella Asiatica, combined with a multi-vitamin complex for ultimate SOS care.
 • Soothing Lavender Comfort: Infused with natural Lavender Oil and Squalane to comfort the senses with a relaxing aroma and deeply nourish the skin barrier overnight.
 • Interactive Capsule Texture: Gently massage the mask as your final step before sleep to release the nutrient-rich capsules, leaving it on overnight and simply rinsing in the morning.
 Show More 
<div class=""","Use 1~2x weekly as a night-only leave-on mask. As the final step before sleep, apply evenly and gently massage to release the vitamin capsules. Leave on overnight and rinse off in the morning.
 Show More 
<div class=""",,mcsny-phytovita™-overnight-renewal-mask
MCSNY PhytoVita™ Awake-Circle Eye Cream,,,,,https://ivyusa.com/products/mcsny-phytovita%E2%84%A2-awake-circle-eye-cream,,"Designed specifically for the unique needs of melanin-rich skin, this targeted eye treatment provides hydration, smoothing, and even-looking care. Infused with Caffeine, Peptides, 3 Berry Extracts, and our signature PhytoVita™ System
 • Never Look Tired Anymore: Specifically formulated for the shadowed eye area in melanin-rich skin to transform uneven and tired-looking eyes into a refreshed and defined contour.
 • Targeted Tone & Texture Care: Enriched with Caffeine to visibly awaken the eyes, plus Peptides to smooth, firm, and refine the delicate skin around the eye contour.
 • Powered by PhytoVita™ System: An exclusive, brightening blend of antioxidant-rich Herbs (Angelica, Rosehip Oil, and 3 Berry Extracts: Blackberry, Blueberry, Raspberry) and potent Vitamins (Niacinamide, Vitamin C, Vitamin K).
 • Smooth Glide & Silky Finish: The nourishing, hydrating formula glides effortlessly onto the skin without pulling or tugging, leaving a silky finish and a radiant hydration glow.
 • Day & Night Hydration: A versatile, gentle eye cream suitable for both morning and evening use to keep your eye area luminous and moisturized all day long.
 Show More 
<div class=""","After applying your facial moisturizer, apply evenly around the eye area. Very gently pat with your ring finger until fully absorbed. Use day and night.
 Show More 
<div class=""",,mcsny-phytovita™-awake-circle-eye-cream
MCSNY PhytoVita™ Purifying Serum - Clarifying & Refining Care,,,,,https://ivyusa.com/products/mcsny-phytovita%E2%84%A2-purifying-serum-clarifying-refining-care,,"Transform uneven tone and texture with the MCSNY PhytoVita™ System. The perfect daily lightweight serum for clean, clear, and smooth melanin-rich skin.
 • Clear & Even Complexion: Specifically designed for melanin-rich skin struggling with uneven tone and rough texture, this serum purifies and refines for a clean, clear, and smooth look.
 • Targeted Blemish & Texture Care: Formulated with Salicylic Acid to gently exfoliate and clear pores, alongside Madecassoside to soothe and repair the skin barrier.
 • Powered by PhytoVita™ System: An exclusive, high-efficacy blend of purifying herbs (Chamomile, Green Tea, Tea Tree) and revitalizing vitamins (Retinyl Palmitate, Niacinamide, Ascorbic Acid) to clarify and brighten.
 • Lightweight & Velvety Finish: A fast-absorbing, non-greasy formula that sinks instantly into the skin, leaving a soft, velvety finish without any sticky residue.
 • Day & Night Multitasker: The perfect lightweight serum for daily use. Apply morning and night to maintain a refined, radiant glow (always follow with sunscreen during the day!).
 Show More 
<div class=""","Use after cleansing and before your moisturizer. Apply an appropriate amount evenly to the face and neck, gently patting for absorption. For daytime use, always follow up with sunscreen.
 Show More 
<div class=""",,mcsny-phytovita™-purifying-serum-clarifying-refining-care
MCSNY PhytoVita™ All-in-One Ultra Shield Cream,,,,,https://ivyusa.com/products/mcsny-phytovita%E2%84%A2-all-in-one-ultra-shield-cream,,"Say goodbye to dry, ash-looking skin with the MCSNY PhytoVita™ All-in-One Ultra Shield Cream. Designed specifically for very dry melanin-rich skin, this deeply nourishing moisturizer delivers a powerful moisture-locking barrier. 
 • Rescue for Dry, Ash-Looking Skin: Specially formulated for very dry melanin-rich skin, this cream provides rich nourishment and deep moisture to eliminate ashiness and deliver an elegant glow.
 • Ultimate Shield & Lock Effect: Infused with Ceramide NP, Squalane, and Rich Shea Butter to build a strong water barrier that locks in moisture and protects the skin from external stressors.
 • Powered by PhytoVita™ System: An exclusive blend of calming herbs (Licorice, Centella Asiatica, Aloe Vera) and high-efficacy vitamins (Niacinamide, B5, Vitamin C & E) to soothe, repair, and revitalize.
 • Buttery Glide & Lasting Comfort: The luxurious, buttery texture melts into the skin, creating a comforting moisture veil that lasts all day and night without feeling heavy.
 • Multitasking One Simple Step: A day and night rich moisturizer that simplifies your routine while providing comprehensive comfort care and deep hydration.
 Show More 
<div class=""","Apply an appropriate amount evenly to the face and neck at the last step of your skincare routine. Pat gently for maximum absorption.
 Show More 
<div class=""",,mcsny-phytovita™-all-in-one-ultra-shield-cream
Lunarience 17-Luna Glow Eye Cream - Firming & Brightening Radiance,Lunarience,K-BEAUTY SKINCARE,LUN08,37.99,https://ivyusa.com/products/lunarience-17-luna-glow-eye-cream-firming-brightening-radiance,https://cdn.shopify.com/s/files/1/0605/4392/6331/files/IVY_PDP_Lunarience_LUN08_00.png?v=1784233759,"A firming and brightening treatment with Caffeine and Menadione to reduce wrinkles, boost moisture, and improve skin tone.
 • 48.08% Instant Moisture Boost: Clinically proven to increase skin moisture levels by 48.08% after just a single use.
 • 26.7% Wrinkle Reduction: Visibly improves the appearance of skin wrinkles by 26.7% after two weeks of consistent use.
 • 5.90% Skin Tone Improvement: Formulated with Niacinamide to reduce the look of pigmentation, resulting in a 5.90% improvement for a clearer, brighter, and more even skin tone.
 • Targeted Fatigue Relief: Combines Caffeine's powerful antioxidant benefits with Menadione (Epidione) to support firmer-looking skin and improve visible signs of eye fatigue.
 • Lightweight & Non-Sticky: The refined, lightweight texture absorbs smoothly into the skin without any heavy or sticky feel, making it perfect for your daily skincare ritual.
 Show More 
<div class=""","How to Use
• Step 01: After cleansing and applying your toner/ampoule, dispense a small amount of the eye cream.
• Step 02: Gently tap the cream around the delicate eye area using your ring finger until it is fully absorbed.
K-Beauty Tip: Use this lightweight, non-sticky formula as a calm skincare ritual before makeup for a smooth, hydrated canvas, or use it at night and let the comforting signature fragrance create a warm, sweet, dreamlike feeling as you sleep!
 Show More 
<div class=""","Bridal Party Gifts, Brightening, CLEAN & CARE, Dryness & Dehydration, Early Holiday Gift Pick, Featured / New, Glow & Brightening, K-Beauty Bestsellers, K-BEAUTY SKINCARE, new, Over $29.98, Pores & Oil Control, Skincare, Trending Now",lunarience-17-luna-glow-eye-cream-firming-brightening-radiance
Lunarience Full Moon Moisture Barrier Night Cream - Dense & Firming,Lunarience,K-BEAUTY SKINCARE,LUN07,36.99,https://ivyusa.com/products/lunarience-full-moon-moisture-barrier-night-cream-dense-firming,https://cdn.shopify.com/s/files/1/0605/4392/6331/files/IVY_PDP_Lunarience_LUN07_00_00.png?v=1784230776,"A dense, firming moisturizer that boosts hydration by 48% and strengthens your skin barrier while you sleep.
 • 48.08% Instant Moisture Boost: Clinically proven to increase your skin's moisture levels immediately after a single use.
 • 24-Hour Moisture Retention: Wake up to dramatically refreshed skin! Delivers an 84.93% improvement in moisture retention and a 55.68% increase in skin hydration that lasts all day and night.
 • Strengthens Skin Barrier: Clinically evaluated to effectively soothe and improve the skin barrier when damaged by external physical irritation.
 • GOOD-SLEEP Complex: Calms and soothes irritated, tired skin during sleep, featuring a comforting signature fragrance designed to invite warm and sweet dreams.
 • Rich & Nourishing Texture: The dense cream absorbs beautifully into the skin, leaving a dewy, supple feel without any heavy, uncomfortable stickiness.
 Recommend For
 We highly recommend this night cream for these skin concerns:
 • Those who want to boost skin vitality overnight.
 • Those who want deep hydration that lasts until the morning.
 • Those who want to restore their skin’s natural strength and resilience.
 • Those whose skin looks less firm from daily fatigue and stress.
 Show More 
<div class=""","• Step 01: As the final step of your evening skincare routine, scoop an appropriate amount of the night cream.
• Step 02: Gently massage it over your entire face and neck, spreading it evenly along your skin's natural texture.
• Step 03: Lightly cup your face with warm hands to enhance absorption and enjoy the comforting, relaxing fragrance before bed.
K-Beauty Tip: For nights when your skin feels exceptionally dry or fatigued from environmental stressors, apply a slightly thicker layer and use it as an intensive overnight sleeping mask!
 Show More 
<div class=""","Bridal Party Gifts, Brightening, CLEAN & CARE, Dryness & Dehydration, Early Holiday Gift Pick, Featured / New, Glow & Brightening, K-Beauty Bestsellers, K-BEAUTY SKINCARE, new, Over $29.98, Pores & Oil Control, Skincare, Trending Now",lunarience-full-moon-moisture-barrier-night-cream-dense-firming
Lunarience Rich Oil Capsule Cream - Nourishing & Instantly Radiant,Lunarience,K-BEAUTY SKINCARE,LUN06,35.99,https://ivyusa.com/products/lunarience-rich-oil-capsule-cream-nourishing-instantly-radiant,https://cdn.shopify.com/s/files/1/0605/4392/6331/files/IVY_PDP_Lunarience_LUN06_00_00.png?v=1784212527,"A deeply nourishing moisturizer with bursting oil capsules that instantly boosts hydration by 70% and radiance by 41%.
 • 9.60% Instant Cooling Effect: Quickly calms irritated skin by instantly lowering skin temperature and providing immediate soothing relief.
 • 17.80% Damage Recovery: Clinically proven to soothe skin damaged by physical irritation right after a single use.
 • Overnight Radiance Care: Works while you sleep to strengthen your skin's natural power and support a balanced turnover cycle for a dramatically refreshed morning glow.
 • Fresh & Fast-Absorbing: The moisture-rich, lightweight texture leaves skin feeling soft and comfortable without any heaviness or stickiness.
 • Comforting Signature Scent: Features a relaxing fragrance to help create warm and sweet dreams during your nighttime routine.
 Recommend For
 We highly recommend this ampoule for these skin concerns:
 • Those seeking a gentle formula for daily comfort to help skin feel calm and balanced.
 • Dry, tired skin in need of lasting, deep hydration.
 • Uneven texture that needs refining for a clearer, more polished-looking complexion.
 • Stressed, sensitive skin that needs immediate cooling and a healthier-looking barrier.
 Show More 
<div class=""","How to Use
• After cleansing (and applying your toner and ampoule), apply an appropriate amount to the skin.
• Gently spread the cream across your face until the micro oil capsules are fully absorbed.
K-Beauty Tips for Best Results:
• For dry areas: Apply once more in thin layers for an extra boost of moisture.
• For sensitive skin: Apply gently and avoid heavy rubbing to help reduce irritation.
• Daily Care: Use daily in both your morning and evening skincare routines for optimal radiance!
 Show More 
<div class=""","Bridal Party Gifts, Brightening, CLEAN & CARE, Dryness & Dehydration, Early Holiday Gift Pick, Featured / New, Glow & Brightening, K-Beauty Bestsellers, K-BEAUTY SKINCARE, new, Over $29.98, Pores & Oil Control, Skincare, Trending Now",lunarience-rich-oil-capsule-cream-nourishing-instantly-radiant
Lunarience Deep Aqua Recovery Ampoule - Intensive Hydrating & Soothing,Lunarience,K-BEAUTY SKINCARE,LUN05,29.99,https://ivyusa.com/products/lunarience-deep-aqua-recovery-ampoule-intensive-hydrating-soothing,https://cdn.shopify.com/s/files/1/0605/4392/6331/files/IVY_PDP_Lunarience_LUN05_00_00.png?v=1784212017,"Lunarience Deep Aqua Recovery Ampoule. A fast-absorbing, intensive soothing serum with a 5-CICA Complex that instantly cools, hydrates, and repairs damaged skin.
 • 9.60% Instant Cooling Effect: Quickly calms irritated skin by instantly lowering skin temperature and providing immediate soothing relief.
 • 17.80% Damage Recovery: Clinically proven to soothe skin damaged by physical irritation right after a single use.
 • Overnight Radiance Care: Works while you sleep to strengthen your skin's natural power and support a balanced turnover cycle for a dramatically refreshed morning glow.
 • Fresh & Fast-Absorbing: The moisture-rich, lightweight texture leaves skin feeling soft and comfortable without any heaviness or stickiness.
 • Comforting Signature Scent: Features a relaxing fragrance to help create warm and sweet dreams during your nighttime routine.
 Recommend For
 We highly recommend this ampoule for these skin concerns:
 • Those seeking a gentle formula for daily comfort to help skin feel calm and balanced.
 • Dry, tired skin in need of lasting, deep hydration.
 • Uneven texture that needs refining for a clearer, more polished-looking complexion.
 • Stressed, sensitive skin that needs immediate cooling and a healthier-looking barrier.
 Show More 
<div class=""","• Step 01: After cleansing and toning, dispense an appropriate amount of the ampoule.
• Step 02: Gently apply evenly over your face, smoothing it along your skin's natural texture.
• Step 03: Pat lightly to help the fresh, fast-absorbing formula sink deep into the skin layers.
K-Beauty Tip: Make this a core part of your night routine! The comforting signature fragrance and Queen of the Night extract work while you sleep, allowing you to wake up to a luminous, deeply hydrated complexion.
 Show More 
<div class=""","Bridal Party Gifts, Brightening, CLEAN & CARE, Dryness & Dehydration, Early Holiday Gift Pick, Featured / New, Glow & Brightening, K-Beauty Bestsellers, K-BEAUTY SKINCARE, new, Over $29.98, Pores & Oil Control, Skincare, Trending Now",lunarience-deep-aqua-recovery-ampoule-intensive-hydrating-soothing
Lunarience 3-IN-1 Triple Extreme Glow Ampoule -Flawless Radiant Skin,Lunarience,K-BEAUTY SKINCARE,LUN04,29.99,https://ivyusa.com/products/lunarience-3-in-1-triple-extreme-glow-ampoule-flawless-radiant-skin,https://cdn.shopify.com/s/files/1/0605/4392/6331/files/IVY_PDP_Lunarience_LUN04_00_00.png?v=1784210990,"Discover the Lunarience Triple Extreme Glow Ampoule. Formulated with a Whitening 9 Complex and Brazil Nut Seed Oil to visibly improve hyperpigmentation, hydrate, and reveal a flawless glow.
 • Targeted Dark Spot Care: Clinically proven to improve the appearance of hyperpigmented areas by 4.06% after just 2 weeks of use.
 • Flawless Glowing Skin: Helps even out skin tone to reveal a naturally luminous, subtle radiance from deep within the moment it touches your skin.
 • Whitening 9 Complex: Specifically formulated to help inhibit melanin production and deliver the perfect brightening balance for clear, radiant care.
 • Next-Level Firmness: Features a rich texture with high adhesion that wraps the skin, providing care for a firmer, more resilient-looking complexion.
 • Instant Antioxidant Glow: Enriched with Brazil Nut Seed Oil, providing powerful antioxidant benefits to nourish the skin and deliver an instant glow.
 Show More 
<div class=""","• Step 01: After cleansing and toning your skin, dispense an appropriate amount of the ampoule.
• Step 02: Gently apply it evenly over your entire face and neck, smoothing it along your skin's natural texture.
• Step 03: Lightly pat with your fingertips to help the rich, highly-adhesive formula fully absorb into the skin.
K-Beauty Tip: For areas with visible hyperpigmentation, uneven tone, or extra dullness, apply one additional small drop and gently tap it in for targeted, intensive brightening care!
 Show More 
<div class=""","Bridal Party Gifts, Brightening, CLEAN & CARE, Dryness & Dehydration, Early Holiday Gift Pick, Featured / New, Glow & Brightening, K-Beauty Bestsellers, K-BEAUTY SKINCARE, new, Over $29.98, Pores & Oil Control, Skincare, Trending Now",lunarience-3-in-1-triple-extreme-glow-ampoule-flawless-radiant-skin
Lunarience Skin Balancing Cream Toner - Hydrating Care,Lunarience,K-BEAUTY SKINCARE,LUN02,18.99,https://ivyusa.com/products/lunarience-skin-balancing-cream-toner-hydrating-care,https://cdn.shopify.com/s/files/1/0605/4392/6331/files/IVY_PDP_Lunarience_LUN02_00.png?v=1784143890,"Discover the Lunarience Skin Balancing Cream Toner. A lightweight, hydrating formula that reduces sebum, boosts moisture, and refines texture in one step.
 • 40.61% Moisture Boost: Instantly delivers powerful, deep hydration from the very first skincare step.
 • 61.21% Sebum Reduction: Instantly balances your skin's oil and moisture levels right after a single use.
 • 13.44% Texture Improvement: Visibly replenishes dry, rough skin for immediate smoothness and a supple feel.
 • Fresh Cream-to-Gel: Absorbs cleanly, providing lightweight moisture without any stickiness or greasy shine.
 • Barrier Defense: Formulated to help prevent skin water loss and maintain an ideal, resilient skin environment.
 Show More 
<div class=""","• Step 01: After cleansing, dispense an appropriate amount onto hands and gently absorb along the skin texture.
• Step 02: Apply the remaining essence in the palm or use a sheet mask to enhance absorption and provide deeper hydration.
K-Beauty Tip: When the skin feels especially dry, layer 2–3 times or more for enhanced absorption to achieve firmer, more radiant, and revitalized skin!
 Show More 
<div class=""","Bridal Party Gifts, CLEAN & CARE, Dryness & Dehydration, Early Holiday Gift Pick, Featured / New, K-Beauty Bestsellers, K-BEAUTY SKINCARE, new, Over $29.98, Pores & Oil Control, Skincare, Trending Now",lunarience-skin-balancing-cream-toner-hydrating-care
Lunarience Refreshing Mild Gel Cleanser - Low pH Hydrating Korean Gel Cleanser,Lunarience,K-BEAUTY SKINCARE,LUN01,18.99,https://ivyusa.com/products/lunarience-refreshing-mild-gel-cleanser-low-ph-hydrating-korean-gel-cleanser,https://cdn.shopify.com/s/files/1/0605/4392/6331/files/IVY_PDP_Lunarience_LUN01_00.png?v=1784139669,"Experience Hydrating Comfort Without Tightness Upgrade your daily Korean skincare routine with the Lunarience Refreshing Mild Gel Cleanser.
 • 95.26% Cleansing Power: Melts away base makeup in one wash with a gentle, daily low-pH formula.
 • 20.86% Moisture Boost: Instantly hydrates and rescues dry, tight skin without a heavy finish.
 • Zero-Irritation Exfoliation: Cleanses and gently clears away dead skin cells in one easy step.
 • Premium Barrier Care: Neem Extract and Amino Acids protect against pollutants and support elasticity.
 • 100% Satisfaction: Clinically approved for sensitive skin, leaving your complexion calm and perfectly balanced.
 Show More 
<div class=""","Step 01: Dispense an appropriate amount onto wet hands and lather thoroughly.
 Step 02: Gently massage the foam over your entire face, then rinse off completely with lukewarm water.
K-Beauty Tip: For the best results in your routine, after your first oil-based cleanse, follow up with this gel cleanser as your perfect second cleanse!
 Show More 
<div class=""","Bridal Party Gifts, CLEAN & CARE, Dryness & Dehydration, Early Holiday Gift Pick, Featured / New, K-Beauty Bestsellers, K-BEAUTY SKINCARE, Mask & Cleanser, new, Over $29.98, Pores & Oil Control, Skincare, Trending Now",lunarience-refreshing-mild-gel-cleanser-low-ph-hydrating-korean-gel-cleanser
HERSTELLER Wonder Veggie Juicy Treatment Essence,HERSTELLER,K-BEAUTY SKINCARE,HER04,22.79,https://ivyusa.com/products/hersteller-wonder-veggie-juicy-treatment-essence,https://cdn.shopify.com/s/files/1/0605/4392/6331/files/product_image_1_5de47b05-6243-4d6e-b390-365d46bd7d1f.jpg?v=1782405671,"Experience deep hydration and vital energy. The Hersteller Wonder Veggie Juicy Treatment Essence is a refreshing liquid treatment that quenches thirsty skin, soothes irritation, and refines your overall skin texture for a healthy, glowing complexion.
 • Nature's Green Trio: Formulated with Kale, Basil, and Green Grape to deliver lasting moisture and antioxidant protection.
 • Deep Hydration: Instantly quenches dry skin and provides deep, soothing moisture from within.
 • Real Results: Clinically tested to visibly improve skin texture and calm redness for a clearer complexion.
 • Multi-Use Essence: A versatile formula that can be layered, used as a quick soothing mask, or as a refreshing face mist.
 • 100% Vegan Recipe: A clean, plant-based treatment packed with nutrient-rich superfoods.
 Show More 
<div class=""","For daily use, put a small amount on a cotton pad and gently wipe along your skin.
 Customize your routine based on your skin's needs:
• If your skin feels very dry: Apply it 3 times in a row (layering) to add intense, deep moisture.
• For extra hydration: Soak a cotton pad and leave it on your target areas for 3 minutes as a quick soothing mask.
• On sensitive days / fixing makeup: Put it in a spray bottle and use it anytime, anywhere as a refreshing face mist.
 Show More 
<div class=""","Anti-Aging & Firming, Bridal Party Gifts, CLEAN & CARE, Early Holiday Gift Pick, Featured / New, K-Beauty Bestsellers, K-BEAUTY SKINCARE, Mask & Cleanser, Over $29.98, Pores & Oil Control, Skincare, Trending Now",hersteller-wonder-veggie-juicy-treatment-essence
FROM ZERO EX-PDRN Glow Cream with Crystal Ceramide,FROM ZERO,K-BEAUTY SKINCARE,FRM03,32.99,https://ivyusa.com/products/from-zero-ex-pdrn-glow-cream-with-crystal-ceramide,https://cdn.shopify.com/s/files/1/0605/4392/6331/files/FRM03_ProductDetailPage_01.jpg?v=1782317422,"Meet the FROM ZERO EX-PDRN GLOW CREAM, the ultimate multi-care moisturizer designed to transform tired, lackluster skin into a balanced, silky, and luminous masterpiece.
 • One Cream For All (Total Multi Care): Transform tired, uneven, and lackluster skin into a balanced, silky, and luminous complexion. This all-in-one multi-care cream targets tone, texture, and glow, simplifying your K-beauty routine while delivering maximum results.
 • Key Ingredients You Can Actually See: Experience visible and trustable biotech skincare. Formulated with visible capsules of Broccoli PDRN for balanced skin, Ginseng Exosomes for a revitalizing defense boost, and Crystal Ceramide pearls for instant radiance and robust skin barrier care.
 • Layered Glow Blend & 3X Plant Collagen: Packed with 3 types of plant-derived collagen to deliver a dewy glow and layered barrier care. We replaced plain water with a Lotus Flower Water base and added Niacinamide to deeply hydrate, plump, and visibly brighten your complexion.
 • Rich, Yet Weight-Zero Texture: Discover a texture like no other. Our unique formula is silky to glide, velvety to finish, and perfect to prep your skin for makeup. Enjoy deep, rich nourishment without any heavy, greasy, or sticky residue.
 • Zero Skin Irritation & Signature Scent: Clinically proven to be gentle on the skin. Features our signature ""Rose Ballerine"" scent—a fresh rose-inspired fragrance that is allergen-controlled (key 26 allergens <1ppm) and fully compliant with global IFRA safety standards (Category 5B) for facial use.
 Show More 
<div class=""","STEP 1: Take an appropriate amount of the EX-PDRN Glow Cream.
STEP 2: Gently apply and glide the cream over your face and neck.
STEP 3: Lightly pat until the visible capsules (Ceramide, PDRN, Exosome) melt and are fully absorbed into the skin.
Glow Routine Tip: For the ultimate Korean Glass Skin, use as the final step to lock in moisture after applying the FROM ZERO EX-PDRN Glow Mist and Glow Serum.
 Show More 
<div class=""","Anti-Aging & Firming, Bridal Party Gifts, Dryness & Dehydration, Early Holiday Gift Pick, Featured / New, K-Beauty Bestsellers, K-Beauty Collagen, K-Beauty Hyaluronic, K-BEAUTY SKINCARE, New Arrivals, Skincare, SOBASE, Trending Now",from-zero-ex-pdrn-glow-cream-with-crystal-ceramide
"SKYMILK Silicone-Free Shampoo Hair Care with Donkey Milk and 10,000ppm Black Complex (300ML)",SKYMILK,,SKY06,33.00,https://ivyusa.com/products/skymilk-shampoo-silicone-free-hair-care-with-donkey-milk,https://cdn.shopify.com/s/files/1/0605/4392/6331/files/skymilk-sky06-black-complex-shampoo-2.jpg?v=1781462528,"Support Scalp Health with the Black Complex Revitalize your hair care routine with the SKYMILK SHAMPOO. This unique formula is powered by a Nutrient-Rich Black Complex 10,000PPM, which includes Black Soybean, Black Sesame, and Black Rice. The Black Complex supports scalp health and promotes hair melanin production. It also Contains Donkey Milk (DKMEX 50,000ppm) to lock in moisture.
 • Nutrient-Rich Black Complex 10,000ppm: This shampoo features a Nutrient-Rich Black Complex 10,000PPM. The complex is made of Black Soybean, Black Sesame, and Black Rice. The Black Complex supports scalp health and promotes hair melanin production.
 • Reduces Scalp Odor By 72%: The formula actively Reduces Scalp Odor. Clinical tests confirm a 72.27% Odor Improvement Rate, successfully lowering odor from Grade 3 down to Grade 0. With the pleasant Sweet Dream Scent, it instills confidence in both children and adults!.
 • Non-Irritating To Eyes: You can wash with peace of mind because it is Non-Irritating to Eyes. The gentle shampoo has completed an eye irritation test, ensuring minimal eye discomfort. It maintains a high Corneal Cell Survival Rate of 97%.
 • No Silicone & Proven Safety: The shampoo contains NO Silicone, ensuring a clean wash. SKYMILK Promises! Gentle on the Skin. It is thoroughly Non-Irritation Assessed (Tested by SkinMed Clinical Trial Center) and 26 Types of Allergen Not Detected (Tested by OATC Bio Lab).
 • Contains Donkey Milk: The convenient SKYMILK SHAMPOO 300ML size is perfect for the family. The nourishing base Contains Donkey Milk. It is specifically enriched with DKMEX 50,000ppm to deeply hydrate your scalp.
 Show More",,"Face & Body Care, Face & Body Care Main, K-BEAUTY, K-Beauty Bestsellers, K-BEAUTY SKINCARE, Shampoo & Conditioner",skymilk-shampoo-silicone-free-hair-care-with-donkey-milk
"Skymilk Probiotic Body Wash - Tear-Free Baby Shampoo & Bath Gel with Donkey Milk, 95% Fine Dust Cleansing & 20,000ppm Probiotic Complex (300ml)",SKYMILK,,SKY05,30.00,https://ivyusa.com/products/skymilk-probiotic-body-wash-tear-free-baby-shampoo-bath-gel-with-donkey-milk,https://cdn.shopify.com/s/files/1/0605/4392/6331/files/skymilk-sky05-pro_prebiotics-body-wash-2.jpg?v=1781461942,"Fortify Your Skin Barrier Fortify the whole family's skin with a probiotic shower! The Skymilk Body Wash is a premium 300ML cleanser that Contains Donkey Milk. It is packed with a Probiotic Complex 20,000ppm, which blends Probiotics 10,000ppm and Prebiotics 10,000ppm with DKMEX 50,000ppm to deeply nourish and balance the skin barrier.
 • Probiotic Complex 20,000ppm: Fortify the whole family's skin with a probiotic shower! The body wash contains a powerful Probiotic Formula consisting of Probiotics 10,000ppm and Prebiotics 10,000ppm, totaling a Probiotic Complex 20,000ppm.
 • 95% Fine Dust Cleansing: A test completed for 95% fine dust cleansing proves its superior purifying abilities. Visual comparisons demonstrate it removes impurities much more effectively than standard water or soap cleansing.
 • Non-Irritating To Eyes: The gentle shampoo has completed an eye irritation test, ensuring minimal eye discomfort. It is certified as non-irritating to eyes, boasting a remarkable Corneal Cell Survival Rate of 98.3%.
 • Gentle On The Skin & Safe: Skymilk promises formulas that are gentle on the skin. Safety is strictly guaranteed as it is Non-Irritation Assessed (Tested by SkinMed Clinical Trial Center) and 26 Types of Allergen Not Detected (Tested by OATC Bio Lab).
 • Contains Donkey Milk: The large 300ML SKYMILK BODY WASH features a nourishing base that Contains Donkey Milk. Specifically, it is enriched with DKMEX 50,000ppm to provide ultimate hydration and barrier support during bath time.
 Show More",,"Face & Body Care, Face & Body Care Main, K-BEAUTY, K-Beauty Bestsellers, K-BEAUTY SKINCARE, Shampoo & Conditioner",skymilk-probiotic-body-wash-tear-free-baby-shampoo-bath-gel-with-donkey-milk
"Skymilk Ceramide Lotion - Gentle Donkey Milk Moisturizer for Baby & Sensitive Skin, Rapid Absorption Skin Barrier Improvement (200ml)",SKYMILK,,SKY01,32.00,https://ivyusa.com/products/skymilk-ceramide-lotion-gentle-donkey-milk-moisturizer-for-baby-sensitive-skin,https://cdn.shopify.com/s/files/1/0605/4392/6331/files/skymilk-sky01-ceramide-lotion-8.jpg?v=1781459008,"Skymilk Promises! Gentle Care for Your Skin Barrier Experience deep hydration and skin barrier improvement with the Skymilk Ceramide Lotion. Designed for both adults and babies, this 200ml lotion features rapid absorption and contains Ceramide NP (5,000 ppm) alongside DKMEX (50,000 ppm), which contains premium Donkey Milk.
 • Ceramide Makes The Skin Resilient: When ceramides are lacking, the barrier weakens, causing increased moisture loss and susceptibility to external irritants. This formula helps maintain a healthy skin barrier to ensure low moisture loss and protect against irritants.
 • Amazing Results In Just One Week: Clinically shown to deliver amazing results in just one week. The rich ceramides protect the skin barrier, effectively reducing moisture loss by an impressive 37.91%.
 • Gentle On The Skin & Proven Safety: Skymilk promises gentle care that is perfectly safe for delicate skin. It is non-irritation assessed by the SkinMed Clinical Trial Center, and 26 types of allergens were not detected in tests by the OATC Bio Lab.
 • Non-Sticky & Rapid Absorption: The formula features rapid absorption for a comfortable daily finish. It is completely non-sticky and moisturizing, offering maximum comfort even for highly sensitive skin.
 • Donkey Milk & Ceramide Np Formula: The generous 200ml lotion is formulated for superior skin barrier improvement. It contains nourishing Donkey Milk (DKMEX 50,000 ppm) alongside Ceramide NP (5,000 ppm) to deeply replenish your skin.
 Show More",,"Face & Body Care, Face & Body Care Main, K-BEAUTY, K-Beauty Bestsellers, K-BEAUTY SKINCARE",skymilk-ceramide-lotion-gentle-donkey-milk-moisturizer-for-baby-sensitive-skin
"Dear Ohneul Toner Pad - Gentle Exfoliating & Pore Care Peeling Pads with AHA, BHA, PHA, Pectin, Polyphenol & 50,000ppm Donkey Milk Complex (60 Pads / 200g)",Dear Ohneul,,DEA04,32.00,https://ivyusa.com/products/dear-ohneul-toner-pad-gentle-exfoliating-pore-care-peeling-pads,https://cdn.shopify.com/s/files/1/0605/4392/6331/files/dear_ohneul-dea04-toner-pad-1.jpg?v=1781445532,"A Potent Blend for Pore Care and Skin Vitality Elevate your daily skincare routine with the Dear Ohneul Toner Pad. Crafted with fresh donkey milk from our own farm, Dear Ohneul creates pure and natural skincare designed to transform your skin texture gently. These daily multi-tasking peeling pads offer intense hydration and effective exfoliation all in one simple step.
 • Intense Hydration & Gentle Exfoliation: These toner pads are expertly designed to provide intense hydration and gentle exfoliation. They effectively enhance moisture and elasticity while remaining suitable for sensitive skin.
 • Potent Blend For Pore Care: Formulated as a potent blend for pore care and skin vitality. Each pad helps clear look of pores and promotes a vibrant, refreshed skin texture.
 • Infused With Aha Bha And Pha: Powerfully infused with AHA, BHA, and PHA for effective exfoliation. This multi-acid combination sloughs away dead skin cells to reveal smoother, brighter skin without harsh rubbing.
 • Enriched With Pectin And Polyphenol: Enriched with nutrient-dense Pectin and Polyphenol to support optimal skin vitality. It works alongside 50,000ppm of our patented DKMEX complex to target impurities and nourish the skin deeply.
 • Non-Sticky And Refreshing Texture: Features a soft and smooth texture that gently adheres to your skin. It gives a refreshing feel and long-lasting moisture without any sticky residue.
 Show More 
<div class=""","• Prep: After cleansing, use the included tweezers to hygienically take out a single pad.
• Apply: Place it smoothly onto desired areas of the face for 5–10 minutes to use it as a soothing sheet mask.
• Finish: Gently remove the pad and tap the remaining essence into your skin for long-lasting, non-sticky moisture.
• Ideal for targeted pore care, smooth makeup prep, or seamlessly removing surface impurities.
 Show More","Face & Body Care, Face & Body Care Main, K-BEAUTY, K-Beauty Bestsellers, K-BEAUTY SKINCARE",dear-ohneul-toner-pad-gentle-exfoliating-pore-care-peeling-pads
"Dear Ohneul Mud Cleanser - Dual-Function Kaolin Clay Face Wash & Pack, Pore Purifying & Hydrating with 50,000ppm Donkey Milk Complex (150ml)",Dear Ohneul,,DEA03,26.00,https://ivyusa.com/products/dear-ohneul-mud-cleanser-dual-function-kaolin-clay-face-wash-pack,https://cdn.shopify.com/s/files/1/0605/4392/6331/files/dear_ohneul-dea03-mud-cleanser-1.jpg?v=1781445278,"Cleanse Gently, Care Deeply The Dear Ohneul Mud Cleanser is designed to purify pores deeply while perfectly balancing oil and moisture. By combining mineral-rich Kaolin clay and nourishing Donkey Milk, it purifies and balances the skin for a visibly healthier complexion.
 • Dual-Function Cleanser & Pack: This product features a dual-function formula, allowing it to be used as a daily cleanser or as a mud pack. It is carefully formulated to provide a balanced cleanse for clear, comfortable skin.
 • Purifies Pores With Kaolin Clay: The cleanser effectively clears clogged pores using mineral-rich Kaolin clay. It is clinically tested to remove pore-clogging impurities by an impressive 98.9%.
 • Patented Dkmex™ 50,000ppm Formula: This cleanser is infused with 50,000ppm of DKMEX, a patented ingredient. DKMEX combines farm-fresh Donkey Milk with Green Tea, Prunella Vulgaris, Black Hoof Mushroom, and Quince extracts to provide deep hydration and soothing care.
 • Balances Oil & Relieves Acne Concerns: It effectively purifies and balances the skin. Clinical tests demonstrate that the formula helps relieve acne-related concerns by 82.3% and improves skin texture by 13.9%.
 • Gentle For Sensitive Skin: Dear Ohneul creates pure and natural skincare made with fresh donkey milk from their own farm. This mud cleanser is highly suitable for sensitive skin, designed to purify and hydrate without irritation.
 Show More 
<div class=""","Morning Routine: Use in the morning to prep skin and control overnight oil.
Night Routine: Use at night to clear pores and soothe sensitive skin.
Pro Tip: Utilize its dual-function formula by applying it as a pack for targeted care before rinsing.
 Show More","Face & Body Care, Face & Body Care Main, K-BEAUTY, K-Beauty Bestsellers, K-BEAUTY SKINCARE",dear-ohneul-mud-cleanser-dual-function-kaolin-clay-face-wash-pack
"Dear Ohneul DKMEX Ampoule - Pore Refining & Anti-Aging Serum with Niacinamide & 100,000ppm Donkey Milk Complex, Antioxidant Hydration for Sensitive Skin (30ml)",Dear Ohneul,,DEA02,52.00,https://ivyusa.com/products/dear-ohneul-dkmex-ampoule-pore-refining-anti-aging-serum,https://cdn.shopify.com/s/files/1/0605/4392/6331/files/dear_ohneul-dea02-dkmex-ampoule-1.jpg?v=1781444898,"Simple Care, Visible Results Dear Ohneul creates pure and natural skincare made with fresh donkey milk from our own farm. The Dear Ohneul DKMEX Ampoule is designed to refine skin texture and visibly smooth fine lines, targeting pores and signs of aging with deep hydration and glow.
 • Patented Dkmex™ 100,000ppm Formula: This ampoule features 100,000ppm of the patented DKMEX ingredient. DKMEX is a formula that combines farm-fresh donkey milk with Green Tea, Prunella Vulgaris, Black Hoof Mushroom, and Quince extracts to provide deep hydration and soothing care.
 • Refines Pores & Fine Lines: The formula targets pores and signs of aging with deep hydration and glow. It is clinically tested to help refine pores and visibly smooth fine lines.
 • Infused With Niacinamide: The ampoule is powerfully infused with niacinamide to target dullness. You can use it twice daily to maintain skin clarity and hydration.
 • Rich Antioxidant Power: This premium serum is rich in antioxidant power. It effectively helps neutralize free radicals to protect your skin from environmental stressors and premature aging.
 • Safe For Sensitive Skin: Dear Ohneul creates pure and natural skincare made with fresh donkey milk from our own farm. The gentle, non-irritating formula is perfectly suitable for sensitive skin.
 Show More 
<div class=""","• Morning Routine: Apply a few drops before makeup to smooth texture and boost radiance.
• Night Routine: Apply at night to visibly refine pores and support firmness while you sleep.
• Daily Maintenance: Use twice daily to maintain optimal skin clarity and hydration.
 Show More","Face & Body Care, Face & Body Care Main, K-BEAUTY, K-Beauty Bestsellers, K-BEAUTY SKINCARE",dear-ohneul-dkmex-ampoule-pore-refining-anti-aging-serum
"Dear Ohneul Elixier Donkey Cream - Anti-Aging Face Moisturizer with Ultra-Low Molecular Collagen & Fermented Argan Oil, Deep Hydration & Firming Wrinkle Care for Sensitive Skin (1.69 fl oz / 50ml)",Dear Ohneul,,DEA01,39.00,https://ivyusa.com/products/dear-ohneul-elixier-donkey-cream-anti-aging-face-moisturizer,https://cdn.shopify.com/s/files/1/0605/4392/6331/files/dear_ohneul-dea01-elixier-donkey-cream-1.jpg?v=1781444496,"Discover the Pure Power of Farm-Fresh Donkey Milk with Dear Ohneul. Achieve instantly firmer, glowing skin with the Dear Ohneul Elixier Donkey Cream. Carefully designed for those who seek powerful anti-aging benefits and deep hydration, our unique formula bridges the gap between pure nature and advanced skincare science.
 • Patented Dkmex™ Formula: Crafted with fresh donkey milk from our own farm, blended with Green Tea, Prunella Vulgaris, Black Hoof Mushroom, and Quince extracts. This 50,000ppm patented complex provides unparalleled deep hydration and soothing care for your skin.
 • Intense Firming & Anti-Aging: Formulated with a massive 346,723ppm of Ultra-low Molecular Weight Fish Collagen, this cream is clinically verified to smooth wrinkles, enhance elasticity, and target fine lines around the eyes and smile lines.
 • 150-Hour Fermented Argan Oil: Contains 9,900ppm of premium Argania Spinosa Kernel Oil, perfected through 150 hours of low-temperature fermentation. It is clinically proven to boost skin radiance by 17.7% and increase moisture retention by 28.7%.
 • Non-Sticky, Silky Smooth Texture: Enjoy deep, long-lasting hydration without the heavy, greasy feel. Our deeply nourishing formula absorbs quickly, leaving a silky smooth finish that is perfectly suitable for sensitive skin.
 • Perfect For Every Moment: Versatile enough for your daily routine. Apply before makeup for a flawless, radiant glow, or use it generously before bedtime as an overnight mask for deep hydration and morning firmness.
 Show More 
<div class=""","• For a Radiant Morning Glow: Apply a thin, even layer to your face and neck as the final step of your morning skincare routine. It acts as a perfect hydrating primer before makeup, leaving your skin with a luminous, non-sticky finish.
• For Targeted Wrinkle Care: Before bedtime, gently dab a small amount directly onto areas prone to aging, such as fine lines around the eyes (crow's feet) and smile lines (nasolabial folds), to help smooth and firm the skin.
• For Overnight Deep Hydration: Apply a generous layer over your entire face before sleep to use it as a deeply nourishing overnight treatment. Wake up to plump, deeply hydrated, and silky-smooth skin.
 Show More","Face & Body Care, Face & Body Care Main, K-BEAUTY, K-Beauty Bestsellers, K-BEAUTY SKINCARE",dear-ohneul-elixier-donkey-cream-anti-aging-face-moisturizer
"JMsolution Cera 3 Barrier Toner Pads - Moisture Barrier Enhancement, 3 Types of Ceramides, Vegan-Certified, 90 Pads",JM solution,Skin Care Masks & Peels,JMS15,25.74,https://ivyusa.com/products/jmsolution-cera-3-barrier-toner-pads-moisture-barrier-enhancement,https://cdn.shopify.com/s/files/1/0605/4392/6331/files/JMSolution-JMS15-CERA-3-BARRIER-TONER-PADS-1.jpg?v=1780966182,"Revitalize and protect your skin with the JMsolution Cera 3 Barrier Toner Pads. These dermatologist-tested pads are expertly formulated to provide 24-hour moisture retention and improve your healthy skin barrier while minimizing transepidermal water loss. Enriched with three types of Ceramides, Galactomyces, Microbiome, and 12 types of Hyaluronic Acid, they deliver deep, continuous hydration. The vegan-certified embossed pads gently smooth the skin's texture along its natural curves, making them a safe and essential daily step even for sensitive skin.
 • Moisture barrier enhancement: Formulated with three types of Ceramides, Galactomyces, and Microbiome to actively strengthen and improve a healthy moisture barrier.
 • 24-hour deep hydration: Infused with 12 different types of Hyaluronic Acid to fill the skin with continuous, long-lasting moisture for up to 24 hours.
 • Vegan-certified embossed pads: Features a specially textured embossed design that densely delivers moisture along the skin's curves while gently smoothing overall skin texture.
 • Dermatologist & sensitive skin tested: Completed sensitive skin irritation tests, ensuring the formula is safe, gentle, and non-irritating for daily use.
 • High-capacity daily care: Includes 90 pads bathed in 180 ml (6.08 fl. oz.) of nourishing toner essence to keep your skincare routine stocked and effective.
 Show More",,"Face & Body Care, Face & Body Care Main, K-BEAUTY, K-Beauty Bestsellers, K-BEAUTY SKINCARE, Sweatproof Summer Picks",jmsolution-cera-3-barrier-toner-pads-moisture-barrier-enhancement
"JMsolution Active Pink Snail Brightening Mask Prime | Snail Mucin for Hydration, Smoothing & Radiant Glow | Korean Face Mask for All Skin Types | 10 Sheets",JM solution,Skin Care Masks & Peels,JMS14,17.94,https://ivyusa.com/products/jmsolution-active-pink-snail-brightening-mask-prime,https://cdn.shopify.com/s/files/1/0605/4392/6331/files/JMSolution-JMS14-ACTIVE-PINK-SNAIL-BRIGHTENING-MASK-1.jpg?v=1780589366,"Achieve a Smooth, Luminous Complexion with JMsolution Active Pink Snail Brightening Mask Prime. Unveil your skin's natural vitality and glow with the JMsolution Active Pink Snail Brightening Mask Prime. Designed to rescue dull and uneven skin, this revitalizing treatment comes in a convenient 10-sheet set, providing a luxurious, spa-quality experience right at home.
 • Snail Mucin Skin Conditioning Care: Formulated with premium snail secretion filtrate to deeply support hydration and improve the overall appearance of smooth, healthy-looking skin.
 • Hydration & Moisture Boost: Delivers an immediate surge of moisture to dry, depleted skin, leaving your complexion feeling incredibly soft, refreshed, and comfortably hydrated all day.
 • Smooth & Refined Skin Texture: Actively targets and helps improve the look of uneven skin texture and tone, promoting a visibly smoother, brighter, and more supple appearance.
 • Lightweight Essence With Dewy Finish: The highly concentrated yet lightweight essence absorbs quickly and comfortably into the skin, leaving behind a soft, non-sticky, and beautifully radiant finish.
 • 3 Billion Masks Sold Worldwide: Experience the exceptional quality of JMsolution, a trusted K-Beauty leader with over 3 billion masks sold globally. Dermatologist-tested and loved worldwide for proven results.
 Show More",,"Face & Body Care, Face & Body Care Main, K-BEAUTY, K-Beauty Bestsellers, K-BEAUTY SKINCARE, Mask Sheet, Sweatproof Summer Picks",jmsolution-active-pink-snail-brightening-mask-prime
JMsolution Marine Luminous Pearl Moisture Mask Plus | 3-Step Routine | Deep Hydration & Brightening Care | 10 Sheets (0.91 fl.oz x 10),JM solution,Skin Care Masks & Peels,JMS12,26.26,https://ivyusa.com/products/jmsolution-marine-luminous-pearl-moisture-mask-plus,https://cdn.shopify.com/s/files/1/0605/4392/6331/files/JMSolution-JMS12-MARINE-LUMINOUS-PEARL-DEEP-MOISTURE-MASK-6.jpg?v=1780588165,"Achieve a Flawless, Honey-Glazed Glow with JMsolution Honey Luminous Royal Propolis Mask Plus. Revitalize dull, tired, and dehydrated skin with the ultimate glowing treatment. The upgraded JMsolution Honey Luminous Royal Propolis Mask Plus (Black) provides an intensive burst of vitality and moisture. This luxurious treatment comes in a generous 10-sheet set, with each mask soaked in 30ml (1.01 fl. oz.) of a rich, honey-infused ampoule.
 • Premium Propolis Extraction: Formulated with carefully selected Propolis Extract to deliver rich vitality, deep nourishment, and antioxidant benefits, promoting a noticeably radiant and healthy complexion.
 • Intense Honey Moisture: Infused with a potent blend of Honey Extract and Royal Jelly Extract to maximize the moisturizing effect, instantly transforming dry, rough skin into a smooth, plump, and supple texture.
 • Glow Synergy Effect: The upgraded, deeply concentrated essence works in perfect harmony with the high-quality sheet to lock in hydration, preventing evaporation and delivering a signature ""honey luminous"" glass-skin glow.
 • Abundant Hydrating Essence: Each individual mask is packed with 30ml (1.01 fl. oz.) of nutrient-rich essence, ensuring your face is thoroughly hydrated with plenty of luxurious serum left over to nourish your neck, décolletage, and arms.
 • Advanced Peptide Complex: Enriched with a powerful Multi-Peptide Complex (including Copper Tripeptide-1 and Acetyl Hexapeptide-8) and multiple layers of Hyaluronic Acid to help improve skin elasticity and smooth fine lines.
 Show More 
<div class=""",,"Face & Body Care, Face & Body Care Main, K-BEAUTY, K-Beauty Bestsellers, K-BEAUTY SKINCARE, Mask Sheet, Sweatproof Summer Picks",jmsolution-marine-luminous-pearl-moisture-mask-plus
JMsolution Be Nature Madecassoside & Calming Mask | Vegan Certified Sheet | Soothing Barrier & Blemish Care | 10 Sheets (0.81 fl.oz x 10),JM solution,,JMS04,14.82,https://ivyusa.com/products/jmsolution-be-nature-madecassoside-calming-mask,https://cdn.shopify.com/s/files/1/0605/4392/6331/files/JMSolution-JMS04-BE-NATURE-MADECASSOSIDE-_-CALMING-MASK-10.jpg?v=1780432175,"Soothe, Repair, and Brighten with JMsolution Be Nature Madecassoside & Calming Mask. Is your skin feeling stressed, irritated, or showing signs of blemishes? Comfort and restore your complexion with the JMsolution Be Nature Madecassoside & Calming Mask. This soothing treatment comes in a convenient 10-sheet set, with each mask soaked in 24ml (0.81 fl. oz.) of a highly concentrated, calming essence.
 • Soothing Barrier & Blemish Care: Formulated with Madecassoside and 5 types of Cica (Centella Asiatica) to instantly calm irritated skin. It effectively strengthens a compromised moisture barrier while helping to fade the appearance of blemishes, dark spots, and pigmentation.
 • Deep Hydrating Formula: Infused with low-molecular-weight Hyaluronic Acid that penetrates deeply into the skin, delivering abundant moisture to alleviate dryness and leave your complexion feeling plump and hydrated.
 • Patented Moisture Complex: Enriched with ""PhytoIN Refresh Complex,"" a specialized, research-backed patented ingredient designed to deeply condition, moisturize, and restore your skin's natural balance.
 • Anti-Aging & Brightening Dual Action: Certified as a dual-functional cosmetic, this mask not only targets uneven skin tone and freckles for a brighter complexion but also helps smooth out fine lines and improve overall skin elasticity.
 • Vegan-Certified Eco Sheet: Dermatologist-tested and clinically proven safe for sensitive skin. The premium vegan-certified fabric adheres seamlessly to your facial contours, ensuring maximum absorption of the calming essence without irritation.
 Show More 
<div class=""",,"Face & Body Care, Face & Body Care Main, K-BEAUTY, K-Beauty Bestsellers, K-BEAUTY SKINCARE, Mask Sheet, Sweatproof Summer Picks",jmsolution-be-nature-madecassoside-calming-mask
JMsolution The Effect PDRN & Barrier Mask | Salmon-Derived PDRN Sheet Mask | Deep Moisture Barrier & Anti-Wrinkle Care | 10 Sheets (0.81 fl.oz x 10),JM solution,,JMS02,14.82,https://ivyusa.com/products/jmsolution-the-effect-pdrn-barrier-mask,https://cdn.shopify.com/s/files/1/0605/4392/6331/files/JMSolution-JMS02-THE-EFFECT-PDRN-_-BARRIER-MASK-8.jpg?v=1780430241,"Strengthen and Restore with JMsolution The Effect PDRN & Barrier Mask Is your skin feeling dry, fragile, or easily irritated? Restore its strength and vitality with the JMsolution The Effect PDRN & Barrier Mask. This intensive treatment comes in a convenient 10-sheet set, each infused with 24ml (0.81 fl. oz.) of a highly concentrated, nourishing essence designed to rebuild your skin from the inside out.
 • Intense Skin Barrier Repair: Formulated with premium salmon-derived PDRN, this mask delivers deep nourishment to dry, compromised skin. It effectively strengthens your natural moisture barrier for long-lasting hydration and resilience.
 • Ultimate Skin Conditioning: Infused with a powerful blend of PDRN, 9 types of Hyaluronic Acid, and an Amino Acid Complex, it deeply replenishes moisture from within, leaving your skin feeling healthy, plump, and thoroughly conditioned.
 • Patented Soothing Formula: Features ""PhytoIN Refresh Complex,"" a specialized, research-backed patented ingredient designed to provide intense hydration while soothing and revitalizing tired, stressed skin.
 • Oeko-Tex® Standard 100 Certified Sheet: Designed with a premium, eco-friendly vegan fabric that meets strict global safety standards. This ultra-soft sheet adheres perfectly to facial contours, ensuring maximum essence absorption while remaining gentle on sensitive skin.
 • Clinically Proven Anti-Aging: Certified as a functional cosmetic for wrinkle improvement. Dermatologist-tested for sensitive skin, it effectively smooths fine lines and restores elasticity without causing irritation.
 Show More 
<div class=""",,"Face & Body Care, Face & Body Care Main, K-BEAUTY, K-Beauty Bestsellers, K-BEAUTY SKINCARE, Mask Sheet, Sweatproof Summer Picks",jmsolution-the-effect-pdrn-barrier-mask
"LAGOM Cellus White Moisture Cream - Brightening Face Moisturizer with 2% Niacinamide & Shea Butter - Silky Korean Skincare for Dark Spots, Dullness & Dehydrated Oily Skin - 1.69 fl.oz.",LAGOM,,LAG09,21.99,https://ivyusa.com/products/lagom-cellus-white-moisture-cream,https://cdn.shopify.com/s/files/1/0605/4392/6331/files/lagom-lag09-lagom-white-moisture-cream-2.webp?v=1775753688,"LAGOM Cellus White Moisture Cream is a high-performance Korean moisturizer designed to provide a three-in-one solution: intensive brightening, deep hydration, and a silky skin texture. Formulated for those seeking the ""Glass Skin"" effect without a heavy or greasy residue.
 • Advanced Brightening Formula: Contains 20,000 ppm of Niacinamide (Vitamin B3), a clinically proven ingredient that inhibits melanin production, reduces the appearance of dark spots, and improves overall skin radiance.
 • Linear Moisturizing Polymer Technology: Utilizes a unique structural polymer that delivers the rich nourishing benefits of Shea Butter in a lightweight, breathable layer. This prevents transepidermal water loss while maintaining a smooth, non-sticky finish.
 • Optimized Oil-Water Balance: Specifically engineered for dehydrated oily skin and combination skin types that experience inner tightness. It restores the skin's natural barrier for a healthy, balanced complexion.
 • Dermatologist-Tested Safety: Verified with a 0.00 skin irritation index by Skinmed Skin Science Research Center. Suitable for sensitive and reactive skin.
 Show More 
<div class=""","• Apply: As the final step of your skincare routine, take an appropriate amount of the Deep Moisture Cream.
• Smooth: Gently spread along the skin texture, starting from the center of the face outwards.
• Absorb: Lightly pat with your palms to allow the highly concentrated formula to sink in firmly and densely.
 Show More","Face & Body Care, Face & Body Care Main, K-BEAUTY, K-Beauty Bestsellers, K-BEAUTY SKINCARE",lagom-cellus-white-moisture-cream
"LAGOM Cellus Sensitive Cica Cream - Daily Soothing Face Moisturizer with Super Cica-4™ & Patented Ceramide, Sebum Control & Barrier Repair for Acne-Prone Skin (60ml / 2.02 fl.oz)",LAGOM,,LAG10,18.49,https://ivyusa.com/products/lagom-cellus-sensitive-cica-cream-daily-soothing-face-moisturizer,https://cdn.shopify.com/s/files/1/0605/4392/6331/files/lagom-lag10-cellus-sensitive-cica-cream-lifestyle-1.webp?v=1774900763,"Calm and protect irritated skin with LAGOM Cellus Sensitive Cica Cream. Featuring Super Cica-4™ and patented liposomal ceramides, this 20-free, zero-irritation formula controls sebum and repairs the barrier. Safe for acne-prone skin and the whole family.
 • Powerful recovery with super cica-4 complex Experience ultimate soothing for sensitized skin. Our Super Cica-4™ complex utilizes 4 core molecular substances derived from Centella Asiatica (Madecassoside, Asiaticoside, Madecassic Acid, and Asiatic acid). These small molecules sink deeply into the skin to repair scars, inflammation, and bring delicate skin back to its healthiest condition.
 • Patented liposomal ceramide technology Superior absorption for deeper protection. Unlike general ceramides with large particles that stay on the surface, our patented liposomalized ceramide particles mimic the skin’s natural lipid membrane. This allows for deep penetration to prevent moisture evaporation and protect against external harmful substances.
 • Sebum control and barrier strengthening Achieve the perfect balance between hydration and oil control. Formulated with 100,000 ppm of the PICO AC3 Complex™, this cream uses a specialized 3-step mechanism (Ginkgo Biloba, Perilla, and Green Tea extracts) to control excess sebum while strengthening your skin's natural barrier.
 • Safe formula for the entire family Skincare you can trust for your loved ones. This mild relief cream is free of 20 controversial substances, including parabens, mineral oil, and artificial fragrances. It is clinically judged to have a skin irritation index of 0.00, making it safe for daily use on both acne-prone adults and sensitive children.
 • Lightweight silky texture with no grease High-performance soothing without the heavy feel. The fresh, lightweight texture absorbs quickly into the skin without any stickiness or greasy residue. Infused with Zinc Oxide and essential minerals, it provides a cooling sensation that calms redness and irritation instantly.
 Show More 
<div class=""","• Apply: After your serum or essence, take an appropriate amount of the Cica Cream.
• Smooth: Gently spread over all areas that require soothing (face, neck, or irritated body parts).
• Absorb: Lightly pat for full absorption. Its non-greasy finish makes it perfect for both morning and night routines.
 Show More","Face & Body Care, Face & Body Care Main, K-BEAUTY, K-Beauty Bestsellers, K-BEAUTY SKINCARE",lagom-cellus-sensitive-cica-cream-daily-soothing-face-moisturizer
"Arocell Core Face Mask Collection (13 sheets) Collagen, Cica, Botulcare Graphene",Arocell,,,48.99,https://ivyusa.com/products/arocell-best-mask-set-13-sheets-collagen-cica-botulcare,https://cdn.shopify.com/s/files/1/0605/4392/6331/files/arocell_bundle_1.jpg?v=1774642272,"Arocell Ultimate Korean Facial Mask Bundle (13 Sheets) – Cica Repair, Botulcare Graphene, & 1.5oz Super Collagen Mask Trio for Glass Skin, Firming, & Instant Soothing 
 Experience the full spectrum of K-Beauty innovation with the Arocell Professional Mask Collection. This curated bundle targets the three pillars of healthy skin: Instant Recovery (Cica), Deep Energy Absorption (Graphene), and Maximum Elasticity (Collagen). Whether you need to calm irritation, firm sagging skin, or achieve an overnight glow, this trio provides a complete clinical-grade home spa experience.
 COLLAGEN MASK
 • 177% Collagen Boost: Clinically proven to increase skin's collagen production by 177% after just one application.
 • Deep Ingredient Delivery: Formulated with a potent blend of 3 types of collagen, retinol, and 5 restorative peptides to target fine lines and loss of elasticity.
 • Maximum Capacity: Contains 1.5 oz of active ampoule—the highest capacity available for deep, long-lasting hydration.
 CICA MASK
 • Instant calming for irritated, sensitive skin:
Redness, heat, and dryness are visibly soothed right after one mask.
 • Cooling gel sheet that reduces skin heat:
Naturally lowers skin temperature and gives a fresh, calming feel.
 • Deep moisture that lasts longer:
Hydration improves immediately and stays stable even in dry or windy conditions.
 • Improves spots, marks & uneven tone:
Helps fade dark spots and blemishes with continued use.
 BOTULCARE GRAPHENE
 • Faster absorption for quicker resultsA microcurrent-responsive sheet boosts delivery, helping active ingredients absorb deeper and work faster.
 • Firming and lifting with collagen peptidesHydrolyzed collagen and peptides revive tired, sagging skin for a smoother, firmer look.
 • Visible tightening with botulinum-derived peptidesSupports skin elasticity and softens fine lines for a naturally lifted finish.
 Show More",,"Bundles, Face & Body Care, Face & Body Care Main, K-Beauty Bestsellers, K-BEAUTY SKINCARE, Mask & Cleanser, Mask Sheet, Over $29.98, Skincare",arocell-best-mask-set-13-sheets-collagen-cica-botulcare
"Medifoam Non-Adhesive Hydrocolloid Wound Dressing Pad -  10 Sheets(4"" × 4"")",Medifoam,Medical Tape & Bandages,Non-Adhesive,14.99,https://ivyusa.com/products/non-adhesive-hydrocolloid-wound-dressing-pad-10-sheets,https://cdn.shopify.com/s/files/1/0605/4392/6331/files/MED02_main.png?v=1766429976,"Professional medical-grade foam dressings designed for cleaning, covering, and cushioning wounds. Absorbent and waterproof, ideal for cuts, ulcers, burns, and post-op care. Available in multiple sizes and adhesive types for sensitive skin.
 • High-Absorption Foam: Made with medical-grade polyurethane that efficiently absorbs excess exudate, maintaining a clean, balanced healing environment for optimal recovery.
 • Gentle on Sensitive Skin: Designed and tested for biocompatibility, minimizing irritation even on delicate or sensitive skin — ideal for post-op care, ulcers, burns, and daily wound protection.
 • Soft & Flexible Comfort: Lightweight, breathable foam conforms naturally to body contours and movement, providing comfortable wear even on curved or active areas like knees and elbows.
 • Waterproof Daily Care: The polyurethane film layer provides a protective barrier against water and external contaminants, ensuring reliable, hygienic protection throughout daily activities.
 Show More 
<div class=""",,"Early Holiday Gift Pick, Face & Body Care, Face & Body Care Main, K-BEAUTY, K-Beauty Bestsellers, K-BEAUTY SKINCARE, Members Only, pads, Skincare, Wellness",non-adhesive-hydrocolloid-wound-dressing-pad-10-sheets
"Medifoam Non-Adhesive Hydrocolloid Wound Dressing Pads (2"" × 3"")",Medifoam,Medical Tape & Bandages,MED01,9.99,https://ivyusa.com/products/self-adhesive-hydrocolloid-wound-dressing-pads-med02,https://cdn.shopify.com/s/files/1/0605/4392/6331/files/MED01_extra_006.png?v=1766429666,"Professional medical-grade foam dressings designed for cleaning, covering, and cushioning wounds. Absorbent and waterproof, ideal for cuts, ulcers, burns, and post-op care. Available in multiple sizes and adhesive types for sensitive skin.
 • High-Absorption Foam: Made with medical-grade polyurethane that efficiently absorbs excess exudate, maintaining a clean, balanced healing environment for optimal recovery.
 • Gentle on Sensitive Skin: Designed and tested for biocompatibility, minimizing irritation even on delicate or sensitive skin — ideal for post-op care, ulcers, burns, and daily wound protection.
 • Soft & Flexible Comfort: Lightweight, breathable foam conforms naturally to body contours and movement, providing comfortable wear even on curved or active areas like knees and elbows.
 • Waterproof Daily Care: The polyurethane film layer provides a protective barrier against water and external contaminants, ensuring reliable, hygienic protection throughout daily activities.
 Show More 
<div class=""",,"Early Holiday Gift Pick, Face & Body Care, Face & Body Care Main, K-BEAUTY, K-Beauty Bestsellers, K-BEAUTY SKINCARE, Members Only, pads, Skincare, Wellness",self-adhesive-hydrocolloid-wound-dressing-pads-med02
"Medifoam Self-Adhesive Hydrocolloid Bandage Pads – Ultra-Thin Waterproof Healing Patches 7 Sheets (2.8"" × 1"")",Medifoam,Medical Tape & Bandages,MED05,9.99,https://ivyusa.com/products/self-adhesive-hydrocolloid-bandage-pads-ultra-thin-waterproof-healing-patches-copy,https://cdn.shopify.com/s/files/1/0605/4392/6331/files/MED05_main.png?v=1765289097,"Ultra-thin, self-adhesive hydrocolloid patches that create a waterproof, breathable seal to protect and heal cuts, blisters, and acne while staying comfortable on sensitive skin.
 • Ultra-thin hydrocolloid design: Lightweight, skin-like texture forms a seamless barrier over wounds or blemishes for invisible protection and faster recovery.
 • Self-adhesive & secure: Soft adhesive backing stays in place without extra tape, ensuring comfort and flexibility for everyday wear.
 • Waterproof healing layer: Locks in moisture and shields the affected area from bacteria and external contaminants while allowing skin to breathe.
 • Gentle on sensitive skin: Biocompatible and non-irritating formula suitable for all skin types, even delicate or damaged areas.
 • Multi-purpose protection: Ideal for acne, blisters, minor cuts, and abrasions — keeps wounds clean and supports natural healing.
 Show More 
<div class=""",,"Early Holiday Gift Pick, Face & Body Care, Face & Body Care Main, K-Beauty Bestsellers, K-BEAUTY SKINCARE, Members Only, Skincare, Wellness",self-adhesive-hydrocolloid-bandage-pads-ultra-thin-waterproof-healing-patches-copy
Arocell Super Collagen Mask (4pcs) with Wrapping Mask Cream,Arocell,Skin Care Masks & Peels,,30.58,https://ivyusa.com/products/super-collagen-mask-4pcs-with-wrapping-mask-cream,https://cdn.shopify.com/s/files/1/0605/4392/6331/files/arc01arc02arocelbundlethumb.jpg?v=1764791331,"The best way to rejuvenate and glow your skin with Arocell Super Collagen Mask and Wrapping Mask. Take a full benefit of this bundle set with 15% off. 
 *Promo codes can’t be applied to bundles.
 Show More",,"Anti-Aging & Firming, Bundles, K-Beauty Bestsellers, K-Beauty Collagen, K-BEAUTY SKINCARE, Over $29.98",super-collagen-mask-4pcs-with-wrapping-mask-cream
HealMize Freeze-Dried Cica Calming Melting Capsule for Instant Soothing & Barrier Repair,HealMize,Face Serums,HEA03,16.00,https://ivyusa.com/products/freeze-dried-cica-calming-melting-capsule-for-instant-soothing-barrier-repair,https://cdn.shopify.com/s/files/1/0605/4392/6331/files/HEA03_main.png?v=1762836747,"A soothing, freeze-dried capsule formulated for sensitive and stressed skin. Powered by Centella Asiatica Ferment Extract (5,422ppm) and Hyaluronic Acid, it delivers instant relief and long-lasting hydration to restore your skin’s balance and comfort.
 • Instant Calming Effect: Quickly soothes irritation and redness with Centella Asiatica Ferment Extract and Schizophyllum Commune.
 • Barrier Repair & Protection: Strengthens and restores the skin’s defense against environmental stressors such as wind and pollution.
 • Hydrating Complex: Sodium Hyaluronate and Glycerin deliver deep, lasting hydration to maintain skin suppleness.
 • Collagen Support: Hydrolyzed Collagen promotes elasticity and helps restore skin firmness and resilience.
 • Fermented Cica Formula: Natural fermentation boosts absorption and enhances soothing power.
 • Freeze-Dried Technology: Locks in active ingredients at peak potency until the moment of use.
 • Clean Beauty Promise: Hypoallergenic, dermatologist-tested, and free from parabens, alcohol, and artificial fragrance.
 • Single-Use Design: Individually sealed for freshness, hygiene, and travel convenience.
 Show More 
<div class=""","STEP 1 — OPEN: After cleansing, open one capsule.
STEP 2 — ACTIVATE: Add your serum, toner, or cream and mix until it melts (do not use water).
STEP 3 — APPLY: Smooth evenly onto your face for an instant dewy glow.
TIP: Use daily with your favorite hydrating serum for maximum moisture retention.
 Show More","Cica, Early Holiday Gift Pick, Face & Body Care, Face & Body Care Main, HealMize, Hyaluronic Acid, K-Beauty Bestsellers, K-Beauty CICA, K-Beauty Hyaluronic, K-BEAUTY SKINCARE, Members Only, Over $29.98, Prom Night Flash Sale, Skincare",freeze-dried-cica-calming-melting-capsule-for-instant-soothing-barrier-repair
